family	node_id	parent_id	event	species	protein_id	lineage
AF00000.L00	AF00000.L00.AB	AF00000.L00.lineage	SPECIATION			0
AF00000.L00	AF00000.L00.CD	AF00000.L00.lineage	SPECIATION			0
AF00001.L00	AF00001.L00.AB	AF00001.L00.lineage	SPECIATION			0
AF00001.L00	AF00001.L00.CD	AF00001.L00.lineage	SPECIATION			0
AF00002.L00	AF00002.L00.AB	AF00002.L00.lineage	SPECIATION			0
AF00002.L00	AF00002.L00.CD	AF00002.L00.lineage	SPECIATION			0
AF00003.L00	AF00003.L00.AB	AF00003.L00.lineage	SPECIATION			0
AF00003.L00	AF00003.L00.CD	AF00003.L00.lineage	SPECIATION			0
AF00004.L00	AF00004.L00.AB	AF00004.L00.lineage	SPECIATION			0
AF00004.L00	AF00004.L00.CD	AF00004.L00.lineage	SPECIATION			0
AF00005.L00	AF00005.L00.AB	AF00005.L00.lineage	SPECIATION			0
AF00005.L00	AF00005.L00.CD	AF00005.L00.lineage	SPECIATION			0
AF00006.L00	AF00006.L00.AB	AF00006.L00.lineage	SPECIATION			0
AF00006.L00	AF00006.L00.CD	AF00006.L00.lineage	SPECIATION			0
AF00007.L00	AF00007.L00.AB	AF00007.L00.lineage	SPECIATION			0
AF00007.L00	AF00007.L00.CD	AF00007.L00.lineage	SPECIATION			0
AF00008.L00	AF00008.L00.AB	AF00008.L00.lineage	SPECIATION			0
AF00008.L00	AF00008.L00.CD	AF00008.L00.lineage	SPECIATION			0
AF00009.L00	AF00009.L00.AB	AF00009.L00.lineage	SPECIATION			0
AF00009.L00	AF00009.L00.CD	AF00009.L00.lineage	SPECIATION			0
AF00010.L00	AF00010.L00.AB	AF00010.L00.lineage	SPECIATION			0
AF00010.L00	AF00010.L00.CD	AF00010.L00.lineage	SPECIATION			0
AF00011.L00	AF00011.L00.AB	AF00011.L00.lineage	SPECIATION			0
AF00011.L00	AF00011.L00.CD	AF00011.L00.lineage	SPECIATION			0
