protein_a	protein_b	family
species_00_AF00000_L00_C00	species_01_AF00000_L00_C00	AF00000.L00
species_00_AF00000_L00_C00	species_02_AF00000_L00_C00	AF00000.L00
species_00_AF00000_L00_C00	species_03_AF00000_L00_C00	AF00000.L00
species_00_AF00001_L00_C00	species_01_AF00001_L00_C00	AF00001.L00
species_00_AF00001_L00_C00	species_02_AF00001_L00_C00	AF00001.L00
species_00_AF00001_L00_C00	species_03_AF00001_L00_C00	AF00001.L00
species_00_AF00002_L00_C00	species_01_AF00002_L00_C00	AF00002.L00
species_00_AF00002_L00_C00	species_02_AF00002_L00_C00	AF00002.L00
species_00_AF00002_L00_C00	species_03_AF00002_L00_C00	AF00002.L00
species_00_AF00003_L00_C00	species_01_AF00003_L00_C00	AF00003.L00
species_00_AF00003_L00_C00	species_02_AF00003_L00_C00	AF00003.L00
species_00_AF00003_L00_C00	species_03_AF00003_L00_C00	AF00003.L00
species_00_AF00004_L00_C00	species_01_AF00004_L00_C00	AF00004.L00
species_00_AF00004_L00_C00	species_02_AF00004_L00_C00	AF00004.L00
species_00_AF00004_L00_C00	species_03_AF00004_L00_C00	AF00004.L00
species_00_AF00005_L00_C00	species_01_AF00005_L00_C00	AF00005.L00
species_00_AF00005_L00_C00	species_02_AF00005_L00_C00	AF00005.L00
species_00_AF00005_L00_C00	species_03_AF00005_L00_C00	AF00005.L00
species_00_AF00006_L00_C00	species_01_AF00006_L00_C00	AF00006.L00
species_00_AF00006_L00_C00	species_02_AF00006_L00_C00	AF00006.L00
species_00_AF00006_L00_C00	species_03_AF00006_L00_C00	AF00006.L00
species_00_AF00007_L00_C00	species_01_AF00007_L00_C00	AF00007.L00
species_00_AF00007_L00_C00	species_02_AF00007_L00_C00	AF00007.L00
species_00_AF00007_L00_C00	species_03_AF00007_L00_C00	AF00007.L00
species_00_AF00008_L00_C00	species_01_AF00008_L00_C00	AF00008.L00
species_00_AF00008_L00_C00	species_02_AF00008_L00_C00	AF00008.L00
species_00_AF00008_L00_C00	species_03_AF00008_L00_C00	AF00008.L00
species_00_AF00009_L00_C00	species_01_AF00009_L00_C00	AF00009.L00
species_00_AF00009_L00_C00	species_02_AF00009_L00_C00	AF00009.L00
species_00_AF00009_L00_C00	species_03_AF00009_L00_C00	AF00009.L00
species_00_AF00010_L00_C00	species_01_AF00010_L00_C00	AF00010.L00
species_00_AF00010_L00_C00	species_02_AF00010_L00_C00	AF00010.L00
species_00_AF00010_L00_C00	species_03_AF00010_L00_C00	AF00010.L00
species_00_AF00011_L00_C00	species_01_AF00011_L00_C00	AF00011.L00
species_00_AF00011_L00_C00	species_02_AF00011_L00_C00	AF00011.L00
species_00_AF00011_L00_C00	species_03_AF00011_L00_C00	AF00011.L00
species_01_AF00000_L00_C00	species_02_AF00000_L00_C00	AF00000.L00
species_01_AF00000_L00_C00	species_03_AF00000_L00_C00	AF00000.L00
species_01_AF00001_L00_C00	species_02_AF00001_L00_C00	AF00001.L00
species_01_AF00001_L00_C00	species_03_AF00001_L00_C00	AF00001.L00
species_01_AF00002_L00_C00	species_02_AF00002_L00_C00	AF00002.L00
species_01_AF00002_L00_C00	species_03_AF00002_L00_C00	AF00002.L00
species_01_AF00003_L00_C00	species_02_AF00003_L00_C00	AF00003.L00
species_01_AF00003_L00_C00	species_03_AF00003_L00_C00	AF00003.L00
species_01_AF00004_L00_C00	species_02_AF00004_L00_C00	AF00004.L00
species_01_AF00004_L00_C00	species_03_AF00004_L00_C00	AF00004.L00
species_01_AF00005_L00_C00	species_02_AF00005_L00_C00	AF00005.L00
species_01_AF00005_L00_C00	species_03_AF00005_L00_C00	AF00005.L00
species_01_AF00006_L00_C00	species_02_AF00006_L00_C00	AF00006.L00
species_01_AF00006_L00_C00	species_03_AF00006_L00_C00	AF00006.L00
species_01_AF00007_L00_C00	species_02_AF00007_L00_C00	AF00007.L00
species_01_AF00007_L00_C00	species_03_AF00007_L00_C00	AF00007.L00
species_01_AF00008_L00_C00	species_02_AF00008_L00_C00	AF00008.L00
species_01_AF00008_L00_C00	species_03_AF00008_L00_C00	AF00008.L00
species_01_AF00009_L00_C00	species_02_AF00009_L00_C00	AF00009.L00
species_01_AF00009_L00_C00	species_03_AF00009_L00_C00	AF00009.L00
species_01_AF00010_L00_C00	species_02_AF00010_L00_C00	AF00010.L00
species_01_AF00010_L00_C00	species_03_AF00010_L00_C00	AF00010.L00
species_01_AF00011_L00_C00	species_02_AF00011_L00_C00	AF00011.L00
species_01_AF00011_L00_C00	species_03_AF00011_L00_C00	AF00011.L00
species_02_AF00000_L00_C00	species_03_AF00000_L00_C00	AF00000.L00
species_02_AF00001_L00_C00	species_03_AF00001_L00_C00	AF00001.L00
species_02_AF00002_L00_C00	species_03_AF00002_L00_C00	AF00002.L00
species_02_AF00003_L00_C00	species_03_AF00003_L00_C00	AF00003.L00
species_02_AF00004_L00_C00	species_03_AF00004_L00_C00	AF00004.L00
species_02_AF00005_L00_C00	species_03_AF00005_L00_C00	AF00005.L00
species_02_AF00006_L00_C00	species_03_AF00006_L00_C00	AF00006.L00
species_02_AF00007_L00_C00	species_03_AF00007_L00_C00	AF00007.L00
species_02_AF00008_L00_C00	species_03_AF00008_L00_C00	AF00008.L00
species_02_AF00009_L00_C00	species_03_AF00009_L00_C00	AF00009.L00
species_02_AF00010_L00_C00	species_03_AF00010_L00_C00	AF00010.L00
species_02_AF00011_L00_C00	species_03_AF00011_L00_C00	AF00011.L00
