protein_id	v1_terminal_cluster	v2_terminal_cluster	exact_terminal_set_match
species_01|d_bg000_01	ebfd9adc687d5292aa44	35c4e01389b546318c74	false
species_01|d_bg001_01	8b069c973dc5eb21490b	de2d07ffd29c65b8fa60	false
species_01|d_bg002_01	5a7eaa8c13a6001d1a81	4496caa26aa16f6ef17f	false
species_01|d_bg003_01	7a762f85b8fccc248bc4	90942911c8e2c4374612	false
species_01|d_bg004_01	b429cd0f48dc6cee672c	9550c22805131dba68eb	false
species_01|d_bg005_01	954ea65e4c2771755a78	3dd2198333746ef8ca60	false
species_01|d_bg006_01	18dc2ea5b67ebf9353ea	8f84ebc276d6e3bfbc46	false
species_01|d_bg007_01	5111e51c287176284dc3	ff4fc394c08696a5acdd	false
species_01|d_domain_a_s01	5350dd3669105b1b12fa	eaa3de412981efb3d899	false
species_01|d_domain_b_s01	bcfefae2e17b98301e03	ccaf737a63ad7839ecdb	false
species_01|d_fusion_s01	52c0c8e2ef93f3817150	0dca387c6073bcc1195b	false
species_01|d_unique_s01		de5a7e6046bccb3dd059	false
species_02|d_bg000_02	adfa140733bb013b6ece	35c4e01389b546318c74	false
species_02|d_bg001_02	d0f52b9a330e4fe8482b	de2d07ffd29c65b8fa60	false
species_02|d_bg002_02	56a4a1a20f7dc4eeb3cc	4496caa26aa16f6ef17f	false
species_02|d_bg003_02	99a53241555bb28841b7	90942911c8e2c4374612	false
species_02|d_bg004_02	ea39ac4e51bb49d176a8	9550c22805131dba68eb	false
species_02|d_bg005_02	c159054d52ae2e9bf31a	3dd2198333746ef8ca60	false
species_02|d_bg006_02	f301b9ed5390308a8fb8	8f84ebc276d6e3bfbc46	false
species_02|d_bg007_02	0de1744282bedb96a558	ff4fc394c08696a5acdd	false
species_02|d_domain_a_s02	16d59f110739ee093c99	eaa3de412981efb3d899	false
species_02|d_domain_b_s02	d64ff495ce710f705803	ccaf737a63ad7839ecdb	false
species_02|d_fusion_s02	f8f69b45d414f7f9c4bd	0dca387c6073bcc1195b	false
species_02|d_unique_s02		26852b9537e2a0b45c45	false
species_03|d_bg000_03	4e9558a70ad71eab7f89	35c4e01389b546318c74	false
species_03|d_bg001_03	d5f8fb477f26ee497f53	de2d07ffd29c65b8fa60	false
species_03|d_bg002_03	99b2d11ec52756091a42	4496caa26aa16f6ef17f	false
species_03|d_bg003_03	5b080c04f7ffa729a3e2	90942911c8e2c4374612	false
species_03|d_bg004_03	54b07ab874ba90697ce9	9550c22805131dba68eb	false
species_03|d_bg005_03	a8f1144ee0a7263232d8	3dd2198333746ef8ca60	false
species_03|d_bg006_03	eb6eebfbaa0684d447cf	8f84ebc276d6e3bfbc46	false
species_03|d_bg007_03	9b87d894390e7c4f94e9	ff4fc394c08696a5acdd	false
species_03|d_domain_a_s03	d375e9b0f711f4af150a	eaa3de412981efb3d899	false
species_03|d_domain_b_s03	f194c1e407b5ea373739	ccaf737a63ad7839ecdb	false
species_03|d_fusion_s03	7c02b13afeba4cf20ffa	0dca387c6073bcc1195b	false
species_03|d_unique_s03		a4ea638e8962f44404fa	false
species_04|d_bg000_04	e62f63bb036da06f44fa	35c4e01389b546318c74	false
species_04|d_bg001_04	36decfb244e0d00a6890	de2d07ffd29c65b8fa60	false
species_04|d_bg002_04	7fd090dd161bb9a27b6c	4496caa26aa16f6ef17f	false
species_04|d_bg003_04	9defd6a3a62af9eb4480	90942911c8e2c4374612	false
species_04|d_bg004_04	daba64989111bd61fa37	9550c22805131dba68eb	false
species_04|d_bg005_04	ea61aa8efc5bbcf9e886	3dd2198333746ef8ca60	false
species_04|d_bg006_04	d4fbbc57b60ddb4fca04	8f84ebc276d6e3bfbc46	false
species_04|d_bg007_04	ee0a765f012121d8ed29	ff4fc394c08696a5acdd	false
species_04|d_domain_a_s04	49ac12425ca31738ed01	eaa3de412981efb3d899	false
species_04|d_domain_b_s04	c6bef1cbcc6912285798	ccaf737a63ad7839ecdb	false
species_04|d_fusion_s04	579fd291fc8d74dfaf07	0dca387c6073bcc1195b	false
species_04|d_unique_s04		729d50a47befa9d778c5	false
