protein_id	primary_family	secondary_family	fusion_breakpoint
species_03_AF00001_L03_C00	AF00001.L03	AF00009.L02	120
species_03_AF00010_L03_C00	AF00010.L03	AF00001.L02	120
species_03_AF00002_L01_C00	AF00002.L01	AF00008.L03	120
species_01_AF00008_L02_C00	AF00008.L02	AF00002.L03	120
species_01_AF00006_L00_C01	AF00006.L00	AF00007.L02	120
species_02_AF00004_L01_C00	AF00004.L01	AF00007.L03	120
species_03_AF00002_L00_C00	AF00002.L00	AF00008.L00	120
species_01_AF00001_L03_C01	AF00001.L03	AF00008.L03	120
species_02_AF00003_L02_C00	AF00003.L02	AF00002.L00	120
species_02_AF00004_L01_C01	AF00004.L01	AF00010.L02	120
species_03_AF00011_L03_C01	AF00011.L03	AF00006.L01	120
species_01_AF00006_L01_C00	AF00006.L01	AF00011.L03	120
species_02_AF00003_L02_C01	AF00003.L02	AF00007.L00	120
species_00_AF00000_L03_C00	AF00000.L03	AF00002.L00	120
species_02_AF00003_L00_C01	AF00003.L00	AF00008.L02	120
species_01_AF00000_L01_C00	AF00000.L01	AF00002.L01	120
species_03_AF00009_L03_C01	AF00009.L03	AF00002.L03	120
species_00_AF00000_L01_C00	AF00000.L01	AF00006.L03	120
species_03_AF00009_L02_C01	AF00009.L02	AF00008.L00	120
species_03_AF00005_L00_C00	AF00005.L00	AF00010.L02	120
species_00_AF00007_L02_C00	AF00007.L02	AF00009.L03	120
species_00_AF00008_L02_C00	AF00008.L02	AF00005.L02	120
species_02_AF00001_L00_C00	AF00001.L00	AF00010.L02	120
species_03_AF00009_L03_C00	AF00009.L03	AF00004.L00	120
species_03_AF00005_L03_C01	AF00005.L03	AF00006.L03	120
species_02_AF00009_L00_C00	AF00009.L00	AF00009.L03	120
species_02_AF00006_L00_C00	AF00006.L00	AF00005.L02	120
species_02_AF00005_L03_C01	AF00005.L03	AF00003.L01	120
species_02_AF00002_L03_C00	AF00002.L03	AF00010.L01	120
species_00_AF00004_L00_C00	AF00004.L00	AF00011.L03	120
species_00_AF00008_L00_C00	AF00008.L00	AF00006.L03	120
species_02_AF00007_L02_C00	AF00007.L02	AF00007.L01	120
species_00_AF00008_L03_C01	AF00008.L03	AF00007.L02	120
species_00_AF00002_L02_C01	AF00002.L02	AF00005.L02	120
species_01_AF00003_L00_C00	AF00003.L00	AF00001.L00	120
species_00_AF00011_L03_C00	AF00011.L03	AF00005.L01	120
species_00_AF00011_L01_C00	AF00011.L01	AF00005.L03	120
species_02_AF00002_L01_C00	AF00002.L01	AF00009.L00	120
species_02_AF00004_L00_C00	AF00004.L00	AF00002.L02	120
species_02_AF00009_L00_C01	AF00009.L00	AF00008.L03	120
species_02_AF00002_L02_C00	AF00002.L02	AF00009.L02	120
species_00_AF00010_L00_C01	AF00010.L00	AF00010.L02	120
species_03_AF00001_L01_C01	AF00001.L01	AF00007.L02	120
species_03_AF00006_L01_C00	AF00006.L01	AF00000.L00	120
species_02_AF00011_L03_C00	AF00011.L03	AF00001.L00	120
species_02_AF00007_L00_C00	AF00007.L00	AF00010.L03	120
species_01_AF00009_L02_C00	AF00009.L02	AF00000.L02	120
