supporting_node	phylo_event	confidence	species_node
0.747	SPECIATION	1.0	species_node_000000
0.753	SPECIATION	1.0	species_node_000000
0.744	DUPLICATION	1.0	species_node_000000
0.808	SPECIATION	1.0	species_node_000000
0.743	DUPLICATION	1.0	species_node_000000
0.000	DUPLICATION	0.25	species_node_000000
0.489	DUPLICATION	1.0	species_node_000002
0.584	DUPLICATION	1.0	species_node_000002
0.767	DUPLICATION	1.0	species_node_000003
0.920	SPECIATION	1.0	species_node_000001
0.230	SPECIATION	1.0	species_node_000000
0.824	DUPLICATION	0.3333333333333333	species_node_000000
0.655	DUPLICATION	0.3333333333333333	species_node_000000
0.822	SPECIATION	1.0	species_node_000000
0.724	SPECIATION	1.0	species_node_000000
0.910	DUPLICATION	0.3333333333333333	species_node_000000
0.649	SPECIATION	1.0	species_node_000000
0.905	DUPLICATION	1.0	species_node_000000
0.781	SPECIATION	1.0	species_node_000000
0.760	DUPLICATION	0.6666666666666666	species_node_000000
0.000	DUPLICATION	0.5	species_node_000000
0.595	SPECIATION	1.0	species_node_000000
0.768	DUPLICATION	0.5	species_node_000000
0.000	DUPLICATION	0.5	species_node_000000
0.000	DUPLICATION	0.75	species_node_000000
0.738	SPECIATION	1.0	species_node_000000
0.396	SPECIATION	1.0	species_node_000000
0.066	DUPLICATION	1.0	species_node_000000
0.893	DUPLICATION	0.3333333333333333	species_node_000000
0.599	DUPLICATION	0.6666666666666666	species_node_000000
0.991	DUPLICATION	0.75	species_node_000000
0.690	DUPLICATION	1.0	species_node_000005
0.749	SPECIATION	1.0	species_node_000000
0.872	DUPLICATION	1.0	species_node_000000
0.000	DUPLICATION	0.75	species_node_000000
gene_node_000035	DUPLICATION	1.0	species_node_000000
0.629	SPECIATION	1.0	species_node_000000
0.752	DUPLICATION	0.5	species_node_000000
gene_node_000038	DUPLICATION	0.5	species_node_000000
