species	protein_id	family	role	length
species_01	species_01|d_bg000_01	D_BG000	one_to_one	180
species_01	species_01|d_bg001_01	D_BG001	one_to_one	180
species_01	species_01|d_bg002_01	D_BG002	one_to_one	180
species_01	species_01|d_bg003_01	D_BG003	one_to_one	180
species_01	species_01|d_bg004_01	D_BG004	one_to_one	180
species_01	species_01|d_bg005_01	D_BG005	one_to_one	180
species_01	species_01|d_bg006_01	D_BG006	one_to_one	180
species_01	species_01|d_bg007_01	D_BG007	one_to_one	180
species_01	species_01|d_domain_a_s01	D_DOMAIN_A	domain_only	110
species_01	species_01|d_domain_b_s01	D_DOMAIN_B	domain_only	105
species_01	species_01|d_fusion_s01	D_FUSION	fusion_bridge	225
species_01	species_01|d_unique_s01	D_UNIQUE_01	species_specific	180
species_02	species_02|d_bg000_02	D_BG000	one_to_one	180
species_02	species_02|d_bg001_02	D_BG001	one_to_one	180
species_02	species_02|d_bg002_02	D_BG002	one_to_one	180
species_02	species_02|d_bg003_02	D_BG003	one_to_one	180
species_02	species_02|d_bg004_02	D_BG004	one_to_one	180
species_02	species_02|d_bg005_02	D_BG005	one_to_one	180
species_02	species_02|d_bg006_02	D_BG006	one_to_one	180
species_02	species_02|d_bg007_02	D_BG007	one_to_one	180
species_02	species_02|d_domain_a_s02	D_DOMAIN_A	domain_only	110
species_02	species_02|d_domain_b_s02	D_DOMAIN_B	domain_only	105
species_02	species_02|d_fusion_s02	D_FUSION	fusion_bridge	225
species_02	species_02|d_unique_s02	D_UNIQUE_02	species_specific	180
species_03	species_03|d_bg000_03	D_BG000	one_to_one	180
species_03	species_03|d_bg001_03	D_BG001	one_to_one	180
species_03	species_03|d_bg002_03	D_BG002	one_to_one	180
species_03	species_03|d_bg003_03	D_BG003	one_to_one	180
species_03	species_03|d_bg004_03	D_BG004	one_to_one	180
species_03	species_03|d_bg005_03	D_BG005	one_to_one	180
species_03	species_03|d_bg006_03	D_BG006	one_to_one	180
species_03	species_03|d_bg007_03	D_BG007	one_to_one	180
species_03	species_03|d_domain_a_s03	D_DOMAIN_A	domain_only	110
species_03	species_03|d_domain_b_s03	D_DOMAIN_B	domain_only	105
species_03	species_03|d_fusion_s03	D_FUSION	fusion_bridge	225
species_03	species_03|d_unique_s03	D_UNIQUE_03	species_specific	180
species_04	species_04|d_bg000_04	D_BG000	one_to_one	180
species_04	species_04|d_bg001_04	D_BG001	one_to_one	180
species_04	species_04|d_bg002_04	D_BG002	one_to_one	180
species_04	species_04|d_bg003_04	D_BG003	one_to_one	180
species_04	species_04|d_bg004_04	D_BG004	one_to_one	180
species_04	species_04|d_bg005_04	D_BG005	one_to_one	180
species_04	species_04|d_bg006_04	D_BG006	one_to_one	180
species_04	species_04|d_bg007_04	D_BG007	one_to_one	180
species_04	species_04|d_domain_a_s04	D_DOMAIN_A	domain_only	110
species_04	species_04|d_domain_b_s04	D_DOMAIN_B	domain_only	105
species_04	species_04|d_fusion_s04	D_FUSION	fusion_bridge	225
species_04	species_04|d_unique_s04	D_UNIQUE_04	species_specific	180
