OGP2P000000000000	OGP2P000000000000	100	180	180	180	4.06e-142	385
OGP2P000000000000	OGP2P000000000001	93.3	120	180	120	1.10e-85	240
OGP2P000000000000	OGP2P000000000044	69.2	120	180	180	5.16e-52	157
OGP2P000000000000	OGP2P000000000045	63.3	120	180	120	1.01e-43	134
OGP2P000000000000	OGP2P000000000172	79.5	83	180	120	1.65e-42	131
OGP2P000000000000	OGP2P000000000171	79.5	83	180	120	4.68e-42	130
OGP2P000000000000	OGP2P000000000144	46.4	112	180	120	1.20e-22	80.5
OGP2P000000000000	OGP2P000000000090	39.4	109	180	120	2.03e-20	74.7
OGP2P000000000000	OGP2P000000000168	55.2	58	180	180	1.80e-13	57.8
OGP2P000000000000	OGP2P000000000066	26.0	77	180	180	2.61e-06	37.7
OGP2P000000000001	OGP2P000000000001	100	120	120	120	4.67e-94	259
OGP2P000000000001	OGP2P000000000000	93.3	120	120	180	2.98e-85	239
OGP2P000000000001	OGP2P000000000044	64.2	120	120	180	4.43e-47	142
OGP2P000000000001	OGP2P000000000045	59.2	120	120	120	1.67e-39	121
OGP2P000000000001	OGP2P000000000144	42.9	112	120	120	9.74e-21	73.6
OGP2P000000000001	OGP2P000000000090	35.8	109	120	120	4.30e-16	61.6
OGP2P000000000001	OGP2P000000000168	49.1	57	120	180	1.56e-10	48.1
OGP2P000000000002	OGP2P000000000002	100	180	180	180	3.61e-145	393
OGP2P000000000002	OGP2P000000000003	94.1	119	180	120	3.28e-87	244
OGP2P000000000002	OGP2P000000000048	61.7	120	180	120	1.90e-46	141
OGP2P000000000002	OGP2P000000000097	98.4	62	180	120	2.88e-43	133
OGP2P000000000002	OGP2P000000000145	49.6	119	180	120	2.17e-32	105
OGP2P000000000002	OGP2P000000000146	49.1	108	180	120	6.24e-29	96.7
OGP2P000000000002	OGP2P000000000092	45.0	111	180	120	1.11e-26	90.9
OGP2P000000000002	OGP2P000000000091	45.0	111	180	120	1.24e-25	88.2
OGP2P000000000002	OGP2P000000000150	56.5	46	180	180	3.46e-13	57.0
OGP2P000000000002	OGP2P000000000151	56.8	44	180	120	8.56e-13	54.7
OGP2P000000000002	OGP2P000000000044	28.0	157	180	180	3.22e-11	51.6
OGP2P000000000002	OGP2P000000000045	36.0	50	180	120	4.45e-05	33.5
OGP2P000000000002	OGP2P000000000100	55.6	27	180	120	5.34e-04	30.4
OGP2P000000000003	OGP2P000000000003	100	120	120	120	5.04e-98	269
OGP2P000000000003	OGP2P000000000002	94.1	119	120	180	4.42e-87	243
OGP2P000000000003	OGP2P000000000048	60.2	113	120	120	4.36e-42	127
OGP2P000000000003	OGP2P000000000145	46.2	119	120	120	1.97e-28	93.2
OGP2P000000000003	OGP2P000000000146	46.3	108	120	120	1.04e-25	86.3
OGP2P000000000003	OGP2P000000000092	44.6	101	120	120	1.34e-23	80.9
OGP2P000000000003	OGP2P000000000091	44.6	101	120	120	1.52e-22	78.2
OGP2P000000000003	OGP2P000000000044	26.6	109	120	180	8.49e-06	35.0
OGP2P000000000004	OGP2P000000000004	100	120	120	120	9.02e-101	276
OGP2P000000000004	OGP2P000000000005	94.2	120	120	120	1.10e-92	255
OGP2P000000000004	OGP2P000000000142	89.7	68	120	180	7.74e-48	144
OGP2P000000000004	OGP2P000000000094	39.8	108	120	120	4.87e-21	74.3
OGP2P000000000004	OGP2P000000000093	39.7	116	120	180	5.75e-19	70.5
OGP2P000000000005	OGP2P000000000005	100	120	120	120	1.50e-99	273
OGP2P000000000005	OGP2P000000000004	94.2	120	120	120	7.77e-93	256
OGP2P000000000005	OGP2P000000000142	88.2	68	120	180	2.21e-47	143
OGP2P000000000005	OGP2P000000000093	36.8	117	120	180	1.04e-14	59.3
OGP2P000000000005	OGP2P000000000094	35.2	108	120	120	1.87e-14	57.4
OGP2P000000000006	OGP2P000000000006	100	120	120	120	5.23e-100	274
OGP2P000000000006	OGP2P000000000007	92.5	120	120	120	5.07e-89	246
OGP2P000000000006	OGP2P000000000185	95.1	61	120	180	1.03e-45	139
OGP2P000000000006	OGP2P000000000049	59.3	118	120	120	1.24e-41	126
OGP2P000000000006	OGP2P000000000095	39.5	119	120	120	6.17e-19	68.9
OGP2P000000000006	OGP2P000000000093	31.4	86	120	180	1.16e-05	34.7
OGP2P000000000006	OGP2P000000000148	28.9	76	120	180	2.97e-05	33.5
OGP2P000000000006	OGP2P000000000147	34.5	55	120	120	3.74e-05	32.7
OGP2P000000000007	OGP2P000000000007	100	120	120	120	7.43e-100	273
OGP2P000000000007	OGP2P000000000006	92.5	120	120	120	1.45e-88	245
OGP2P000000000007	OGP2P000000000185	91.2	68	120	180	2.35e-49	148
OGP2P000000000007	OGP2P000000000049	57.6	118	120	120	1.36e-38	119
OGP2P000000000007	OGP2P000000000095	35.3	119	120	120	6.14e-12	50.8
OGP2P000000000007	OGP2P000000000148	32.8	64	120	180	3.56e-04	30.4
OGP2P000000000008	OGP2P000000000008	100	120	120	120	5.23e-100	274
OGP2P000000000008	OGP2P000000000050	70.6	119	120	120	1.36e-59	172
OGP2P000000000008	OGP2P000000000051	68.1	119	120	180	1.41e-55	164
OGP2P000000000008	OGP2P000000000149	48.3	120	120	180	1.47e-29	97.8
OGP2P000000000008	OGP2P000000000096	45.4	119	120	120	1.12e-27	91.3
OGP2P000000000009	OGP2P000000000009	100	120	120	120	9.36e-103	281
OGP2P000000000009	OGP2P000000000106	72.8	92	120	180	3.60e-46	140
OGP2P000000000009	OGP2P000000000150	46.7	120	120	180	1.12e-34	110
OGP2P000000000009	OGP2P000000000151	44.2	120	120	120	6.47e-32	102
OGP2P000000000009	OGP2P000000000097	45.6	114	120	120	9.80e-29	94.0
OGP2P000000000009	OGP2P000000000098	39.6	101	120	180	1.59e-18	69.3
OGP2P000000000009	OGP2P000000000152	44.6	74	120	180	4.42e-18	68.2
OGP2P000000000009	OGP2P000000000099	40.2	82	120	180	1.93e-15	61.2
OGP2P000000000009	OGP2P000000000100	37.8	82	120	120	3.70e-14	56.6
OGP2P000000000009	OGP2P000000000153	40.6	69	120	120	3.70e-14	56.6
OGP2P000000000009	OGP2P000000000010	32.5	120	120	120	1.12e-12	52.8
OGP2P000000000009	OGP2P000000000011	31.5	124	120	180	8.08e-12	51.6
OGP2P000000000009	OGP2P000000000052	30.4	115	120	120	2.53e-10	46.6
OGP2P000000000010	OGP2P000000000010	100	120	120	120	3.51e-107	292
OGP2P000000000010	OGP2P000000000011	94.2	120	120	180	2.83e-99	274
OGP2P000000000010	OGP2P000000000099	45.4	119	120	180	8.30e-29	95.9
OGP2P000000000010	OGP2P000000000100	42.9	119	120	120	7.31e-26	86.7
OGP2P000000000010	OGP2P000000000009	37.2	86	120	120	1.81e-10	47.0
OGP2P000000000011	OGP2P000000000011	100	180	180	180	1.58e-157	424
OGP2P000000000011	OGP2P000000000010	94.2	120	180	120	1.04e-99	276
OGP2P000000000011	OGP2P000000000115	100	60	180	120	2.51e-44	135
OGP2P000000000011	OGP2P000000000099	43.0	114	180	180	5.63e-25	88.2
OGP2P000000000011	OGP2P000000000165	58.3	60	180	120	1.31e-17	67.4
OGP2P000000000011	OGP2P000000000030	58.3	60	180	180	4.66e-17	67.4
OGP2P000000000011	OGP2P000000000118	58.3	60	180	180	4.66e-17	67.4
OGP2P000000000011	OGP2P000000000009	36.0	86	180	120	6.24e-10	47.0
OGP2P000000000012	OGP2P000000000012	100	120	120	120	4.67e-94	259
OGP2P000000000012	OGP2P000000000013	93.3	120	120	120	1.64e-85	237
OGP2P000000000012	OGP2P000000000056	33.0	112	120	120	5.19e-09	43.1
OGP2P000000000012	OGP2P000000000055	31.4	105	120	120	1.44e-07	39.3
OGP2P000000000012	OGP2P000000000053	31.4	118	120	180	9.36e-07	37.7
OGP2P000000000013	OGP2P000000000013	100	120	120	120	6.64e-94	258
OGP2P000000000013	OGP2P000000000012	93.3	120	120	120	1.64e-85	237
OGP2P000000000014	OGP2P000000000014	100	180	180	180	3.47e-152	410
OGP2P000000000014	OGP2P000000000057	61.7	120	180	120	1.90e-46	141
OGP2P000000000014	OGP2P000000000181	92.6	68	180	180	4.08e-46	142
OGP2P000000000014	OGP2P000000000142	100	60	180	180	9.32e-45	139
OGP2P000000000014	OGP2P000000000143	90.0	60	180	120	5.68e-38	119
OGP2P000000000014	OGP2P000000000066	90.0	60	180	180	3.18e-37	119
OGP2P000000000014	OGP2P000000000109	33.7	166	180	180	1.06e-20	77.0
OGP2P000000000014	OGP2P000000000187	61.0	59	180	120	1.44e-20	75.1
OGP2P000000000014	OGP2P000000000188	55.9	59	180	180	1.77e-16	65.9
OGP2P000000000014	OGP2P000000000089	47.8	46	180	120	8.71e-12	52.0
OGP2P000000000014	OGP2P000000000058	34.2	120	180	120	1.69e-11	51.2
OGP2P000000000015	OGP2P000000000015	100	120	120	120	5.84e-106	289
OGP2P000000000015	OGP2P000000000016	94.1	119	120	120	1.02e-97	268
OGP2P000000000015	OGP2P000000000060	67.5	120	120	120	4.26e-63	181
OGP2P000000000015	OGP2P000000000112	44.5	119	120	120	2.94e-25	85.1
OGP2P000000000015	OGP2P000000000162	42.5	120	120	120	4.16e-25	84.7
OGP2P000000000015	OGP2P000000000163	39.2	120	120	120	5.50e-20	71.6
OGP2P000000000015	OGP2P000000000057	30.3	119	120	120	2.39e-15	59.7
OGP2P000000000015	OGP2P000000000110	31.7	63	120	180	6.82e-07	38.1
OGP2P000000000016	OGP2P000000000016	100	120	120	120	6.83e-105	286
OGP2P000000000016	OGP2P000000000015	94.1	119	120	120	1.02e-97	268
OGP2P000000000016	OGP2P000000000060	64.7	119	120	120	1.59e-58	169
OGP2P000000000016	OGP2P000000000112	42.6	115	120	120	1.52e-22	78.2
OGP2P000000000016	OGP2P000000000162	39.5	119	120	120	3.45e-21	74.7
OGP2P000000000016	OGP2P000000000163	36.1	119	120	120	3.05e-16	62.0
OGP2P000000000016	OGP2P000000000057	30.3	119	120	120	7.33e-14	55.8
OGP2P000000000016	OGP2P000000000110	31.7	63	120	180	4.53e-06	35.8
OGP2P000000000017	OGP2P000000000017	100	120	120	120	1.82e-100	275
OGP2P000000000017	OGP2P000000000042	98.4	61	120	180	1.10e-47	144
OGP2P000000000017	OGP2P000000000062	62.7	118	120	120	1.69e-46	139
OGP2P000000000017	OGP2P000000000063	58.5	118	120	120	6.18e-42	127
OGP2P000000000017	OGP2P000000000113	42.9	119	120	120	2.57e-26	87.8
OGP2P000000000017	OGP2P000000000114	42.0	119	120	120	3.35e-24	82.4
OGP2P000000000017	OGP2P000000000061	34.8	112	120	120	4.68e-11	48.5
OGP2P000000000017	OGP2P000000000164	33.6	116	120	180	4.05e-09	44.3
OGP2P000000000018	OGP2P000000000018	100	120	120	120	8.00e-104	283
OGP2P000000000018	OGP2P000000000019	96.7	120	120	120	1.45e-97	268
OGP2P000000000018	OGP2P000000000116	45.8	118	120	120	1.28e-26	88.6
OGP2P000000000018	OGP2P000000000117	43.5	115	120	180	1.24e-21	77.4
OGP2P000000000018	OGP2P000000000164	35.6	118	120	180	9.87e-16	62.0
OGP2P000000000019	OGP2P000000000019	100	120	120	120	3.82e-102	279
OGP2P000000000019	OGP2P000000000018	96.7	120	120	120	7.16e-98	268
OGP2P000000000019	OGP2P000000000116	45.8	118	120	120	7.31e-26	86.7
OGP2P000000000019	OGP2P000000000164	34.7	118	120	180	7.42e-15	59.7
OGP2P000000000020	OGP2P000000000020	100	120	120	120	1.06e-99	273
OGP2P000000000020	OGP2P000000000021	94.2	120	120	120	1.29e-91	253
OGP2P000000000020	OGP2P000000000167	81.5	81	120	180	1.56e-47	143
OGP2P000000000020	OGP2P000000000026	93.3	60	120	180	6.27e-42	129
OGP2P000000000021	OGP2P000000000021	100	120	120	120	8.69e-99	271
OGP2P000000000021	OGP2P000000000020	94.2	120	120	120	1.83e-91	252
OGP2P000000000021	OGP2P000000000026	100	60	120	180	1.03e-45	139
OGP2P000000000021	OGP2P000000000167	77.5	80	120	180	1.10e-42	131
OGP2P000000000022	OGP2P000000000022	100	180	180	180	1.07e-155	419
OGP2P000000000022	OGP2P000000000023	97.5	120	180	120	2.25e-94	262
OGP2P000000000022	OGP2P000000000033	96.8	62	180	120	3.26e-52	155
OGP2P000000000022	OGP2P000000000070	64.7	119	180	120	5.34e-51	152
OGP2P000000000022	OGP2P000000000034	91.9	62	180	120	2.49e-49	148
OGP2P000000000022	OGP2P000000000071	62.2	119	180	120	6.65e-47	142
OGP2P000000000022	OGP2P000000000175	45.9	109	180	120	6.92e-25	86.3
OGP2P000000000022	OGP2P000000000125	44.2	113	180	120	6.64e-22	78.6
OGP2P000000000022	OGP2P000000000130	43.7	87	180	180	2.74e-21	78.6
OGP2P000000000022	OGP2P000000000181	57.4	61	180	180	2.74e-21	78.6
OGP2P000000000022	OGP2P000000000083	54.2	59	180	120	3.68e-21	76.6
OGP2P000000000022	OGP2P000000000124	42.1	126	180	180	5.40e-21	77.8
OGP2P000000000022	OGP2P000000000065	65.0	60	180	180	7.56e-21	77.4
OGP2P000000000022	OGP2P000000000182	54.1	61	180	180	8.02e-20	74.7
OGP2P000000000023	OGP2P000000000023	100	120	120	120	3.03e-99	272
OGP2P000000000023	OGP2P000000000022	97.5	120	120	180	5.24e-95	263
OGP2P000000000023	OGP2P000000000070	63.0	119	120	120	9.28e-51	149
OGP2P000000000023	OGP2P000000000071	60.5	119	120	120	1.19e-46	139
OGP2P000000000023	OGP2P000000000175	46.0	113	120	120	4.52e-27	89.7
OGP2P000000000023	OGP2P000000000125	44.2	113	120	120	7.61e-23	79.0
OGP2P000000000023	OGP2P000000000124	44.2	113	120	180	1.74e-21	77.0
OGP2P000000000023	OGP2P000000000065	61.7	60	120	180	7.46e-20	72.8
OGP2P000000000024	OGP2P000000000024	100	120	120	120	3.41e-96	264
OGP2P000000000024	OGP2P000000000025	94.2	120	120	120	2.42e-87	242
OGP2P000000000024	OGP2P000000000109	93.3	60	120	180	2.89e-40	125
OGP2P000000000024	OGP2P000000000126	46.3	108	120	120	3.05e-22	77.4
OGP2P000000000024	OGP2P000000000127	43.5	108	120	120	1.55e-19	70.5
OGP2P000000000025	OGP2P000000000025	100	120	120	120	3.99e-95	261
OGP2P000000000025	OGP2P000000000024	94.2	120	120	120	1.20e-87	243
OGP2P000000000025	OGP2P000000000109	100	60	120	180	1.18e-44	136
OGP2P000000000026	OGP2P000000000026	100	180	180	180	5.32e-156	420
OGP2P000000000026	OGP2P000000000027	94.2	120	180	120	5.78e-97	269
OGP2P000000000026	OGP2P000000000021	100	60	180	120	5.40e-46	140
OGP2P000000000026	OGP2P000000000180	72.8	81	180	180	2.64e-44	137
OGP2P000000000026	OGP2P000000000150	61.1	108	180	180	5.30e-44	137
OGP2P000000000026	OGP2P000000000020	93.3	60	180	120	6.64e-42	129
OGP2P000000000026	OGP2P000000000167	62.5	104	180	180	6.85e-42	131
OGP2P000000000026	OGP2P000000000028	38.7	111	180	120	2.07e-15	61.6
OGP2P000000000026	OGP2P000000000129	41.4	111	180	120	1.56e-14	59.3
OGP2P000000000026	OGP2P000000000029	36.0	114	180	120	1.62e-13	56.6
OGP2P000000000026	OGP2P000000000128	40.5	111	180	120	2.26e-13	56.2
OGP2P000000000027	OGP2P000000000027	100	120	120	120	4.81e-105	286
OGP2P000000000027	OGP2P000000000026	94.2	120	120	180	1.91e-97	270
OGP2P000000000027	OGP2P000000000180	86.1	72	120	180	5.82e-50	149
OGP2P000000000027	OGP2P000000000150	74.7	95	120	180	8.26e-50	149
OGP2P000000000027	OGP2P000000000129	40.5	111	120	120	3.70e-14	56.6
OGP2P000000000027	OGP2P000000000028	35.1	111	120	120	4.04e-13	53.9
OGP2P000000000027	OGP2P000000000128	39.6	111	120	120	4.04e-13	53.9
OGP2P000000000027	OGP2P000000000029	32.5	114	120	120	3.34e-11	48.9
OGP2P000000000028	OGP2P000000000028	100	120	120	120	1.14e-103	283
OGP2P000000000028	OGP2P000000000029	93.3	120	120	120	9.44e-94	258
OGP2P000000000028	OGP2P000000000072	68.4	114	120	120	2.36e-60	174
OGP2P000000000028	OGP2P000000000073	64.0	114	120	120	2.15e-56	164
OGP2P000000000028	OGP2P000000000128	36.1	119	120	120	8.54e-16	60.8
OGP2P000000000028	OGP2P000000000129	36.1	119	120	120	1.20e-15	60.5
OGP2P000000000028	OGP2P000000000026	38.7	111	120	180	1.93e-15	61.2
OGP2P000000000028	OGP2P000000000027	35.1	111	120	120	7.98e-13	53.1
OGP2P000000000028	OGP2P000000000180	34.9	83	120	180	3.86e-08	41.6
OGP2P000000000028	OGP2P000000000150	33.3	93	120	180	1.01e-07	40.4
OGP2P000000000029	OGP2P000000000029	100	120	120	120	3.82e-102	279
OGP2P000000000029	OGP2P000000000028	93.3	120	120	120	2.71e-93	257
OGP2P000000000029	OGP2P000000000072	64.9	114	120	120	1.45e-54	159
OGP2P000000000029	OGP2P000000000073	60.5	114	120	120	1.32e-50	149
OGP2P000000000029	OGP2P000000000128	36.8	114	120	120	4.30e-16	61.6
OGP2P000000000029	OGP2P000000000129	36.8	114	120	120	6.06e-16	61.2
OGP2P000000000029	OGP2P000000000026	36.0	114	120	180	2.10e-13	55.8
OGP2P000000000029	OGP2P000000000027	32.5	114	120	120	9.20e-11	47.8
OGP2P000000000029	OGP2P000000000150	29.0	93	120	180	7.33e-08	40.8
OGP2P000000000029	OGP2P000000000180	42.2	45	120	180	2.63e-07	39.3
OGP2P000000000030	OGP2P000000000030	100	180	180	180	8.18e-151	407
OGP2P000000000030	OGP2P000000000074	61.5	122	180	180	1.93e-49	150
OGP2P000000000030	OGP2P000000000165	100	60	180	120	3.55e-44	135
OGP2P000000000030	OGP2P000000000075	57.5	120	180	120	5.04e-44	135
OGP2P000000000030	OGP2P000000000118	100	60	180	180	2.13e-43	135
OGP2P000000000030	OGP2P000000000104	60.0	60	180	180	2.20e-19	73.6
OGP2P000000000030	OGP2P000000000115	58.3	60	180	120	1.96e-16	64.3
OGP2P000000000030	OGP2P000000000011	58.3	60	180	180	6.66e-16	64.3
OGP2P000000000031	OGP2P000000000031	100	120	120	120	1.77e-80	224
OGP2P000000000031	OGP2P000000000032	76.7	120	120	180	4.33e-71	203
OGP2P000000000031	OGP2P000000000152	100	56	120	180	2.04e-40	125
OGP2P000000000031	OGP2P000000000076	52.9	119	120	120	3.89e-38	117
OGP2P000000000031	OGP2P000000000051	90.9	55	120	180	5.60e-35	111
OGP2P000000000031	OGP2P000000000077	46.2	119	120	120	4.88e-29	94.7
OGP2P000000000031	OGP2P000000000131	69.6	56	120	180	1.74e-21	77.0
OGP2P000000000031	OGP2P000000000178	35.7	112	120	120	3.87e-17	64.3
OGP2P000000000032	OGP2P000000000032	100	180	180	180	1.72e-152	411
OGP2P000000000032	OGP2P000000000031	76.7	120	180	120	1.86e-70	202
OGP2P000000000032	OGP2P000000000175	98.4	61	180	120	4.69e-47	142
OGP2P000000000032	OGP2P000000000076	60.3	116	180	120	6.21e-45	137
OGP2P000000000032	OGP2P000000000051	100	60	180	180	1.87e-44	138
OGP2P000000000032	OGP2P000000000152	70.4	81	180	180	9.96e-39	123
OGP2P000000000032	OGP2P000000000077	53.4	116	180	120	5.22e-36	114
OGP2P000000000032	OGP2P000000000178	42.9	112	180	120	6.92e-25	86.3
OGP2P000000000032	OGP2P000000000125	62.3	61	180	120	2.61e-21	77.0
OGP2P000000000032	OGP2P000000000131	67.2	58	180	180	7.56e-21	77.4
OGP2P000000000032	OGP2P000000000124	62.3	61	180	180	1.06e-20	77.0
OGP2P000000000032	OGP2P000000000148	63.8	58	180	180	5.72e-20	75.1
OGP2P000000000033	OGP2P000000000033	100	120	120	120	6.12e-99	271
OGP2P000000000033	OGP2P000000000034	95.0	120	120	120	5.47e-93	256
OGP2P000000000033	OGP2P000000000083	61.7	120	120	120	5.62e-52	152
OGP2P000000000033	OGP2P000000000022	96.8	62	120	180	8.79e-52	154
OGP2P000000000033	OGP2P000000000181	52.1	121	120	180	1.40e-35	113
OGP2P000000000033	OGP2P000000000182	48.8	121	120	180	1.45e-32	105
OGP2P000000000033	OGP2P000000000130	52.4	63	120	180	1.91e-20	74.3
OGP2P000000000034	OGP2P000000000034	100	120	120	120	1.06e-99	273
OGP2P000000000034	OGP2P000000000033	95.0	120	120	120	2.23e-92	254
OGP2P000000000034	OGP2P000000000022	91.9	62	120	180	1.91e-48	145
OGP2P000000000034	OGP2P000000000083	59.0	117	120	120	4.17e-47	140
OGP2P000000000034	OGP2P000000000181	47.9	119	120	180	5.78e-32	103
OGP2P000000000034	OGP2P000000000182	44.5	119	120	180	5.87e-29	96.3
OGP2P000000000034	OGP2P000000000130	49.2	63	120	180	5.30e-20	73.2
OGP2P000000000035	OGP2P000000000035	100	120	120	120	2.69e-102	280
OGP2P000000000035	OGP2P000000000036	95.0	120	120	180	2.60e-95	264
OGP2P000000000035	OGP2P000000000084	63.0	119	120	120	5.06e-55	160
OGP2P000000000035	OGP2P000000000135	47.9	119	120	120	7.96e-33	104
OGP2P000000000035	OGP2P000000000136	45.1	113	120	120	1.39e-28	93.6
OGP2P000000000035	OGP2P000000000183	44.0	100	120	120	1.03e-13	55.5
OGP2P000000000036	OGP2P000000000036	100	180	180	180	9.57e-150	404
OGP2P000000000036	OGP2P000000000035	95.0	120	180	120	5.54e-95	264
OGP2P000000000036	OGP2P000000000084	58.0	119	180	120	8.19e-48	144
OGP2P000000000036	OGP2P000000000184	59.7	124	180	120	3.55e-44	135
OGP2P000000000036	OGP2P000000000164	96.8	63	180	180	3.42e-42	132
OGP2P000000000036	OGP2P000000000093	96.8	62	180	180	1.94e-41	130
OGP2P000000000036	OGP2P000000000110	100	60	180	180	2.74e-41	130
OGP2P000000000036	OGP2P000000000136	43.4	113	180	120	1.94e-24	85.1
OGP2P000000000037	OGP2P000000000037	100	120	120	120	1.76e-98	270
OGP2P000000000037	OGP2P000000000038	92.5	120	120	120	1.45e-88	245
OGP2P000000000037	OGP2P000000000183	49.6	123	120	120	6.92e-29	94.4
OGP2P000000000037	OGP2P000000000135	50.5	93	120	120	1.67e-24	83.2
OGP2P000000000037	OGP2P000000000084	42.7	117	120	120	3.35e-24	82.4
OGP2P000000000037	OGP2P000000000136	48.4	91	120	120	5.38e-23	79.3
OGP2P000000000038	OGP2P000000000038	100	120	120	120	1.76e-98	270
OGP2P000000000038	OGP2P000000000037	92.5	120	120	120	2.51e-89	247
OGP2P000000000038	OGP2P000000000183	45.5	123	120	120	3.35e-24	82.4
OGP2P000000000038	OGP2P000000000135	53.8	78	120	120	2.15e-22	77.8
OGP2P000000000038	OGP2P000000000136	51.3	78	120	120	1.72e-21	75.5
OGP2P000000000038	OGP2P000000000084	38.5	117	120	120	6.17e-19	68.9
OGP2P000000000039	OGP2P000000000039	100	120	120	120	3.68e-100	274
OGP2P000000000039	OGP2P000000000086	62.2	119	120	120	3.77e-50	148
OGP2P000000000039	OGP2P000000000087	58.0	119	120	120	4.84e-46	137
OGP2P000000000039	OGP2P000000000040	40.0	55	120	180	7.73e-09	43.5
OGP2P000000000040	OGP2P000000000040	100	180	180	180	4.56e-148	400
OGP2P000000000040	OGP2P000000000167	100	60	180	180	1.32e-44	138
OGP2P000000000040	OGP2P000000000166	96.6	59	180	120	8.20e-43	132
OGP2P000000000040	OGP2P000000000116	65.5	58	180	120	7.29e-21	75.9
OGP2P000000000040	OGP2P000000000117	63.8	58	180	180	3.22e-18	70.5
OGP2P000000000040	OGP2P000000000138	36.2	116	180	120	8.64e-10	46.6
OGP2P000000000040	OGP2P000000000039	47.4	38	180	120	4.20e-08	42.0
OGP2P000000000041	OGP2P000000000041	100	120	120	120	6.65e-76	213
OGP2P000000000041	OGP2P000000000088	53.0	117	120	120	2.27e-32	103
OGP2P000000000041	OGP2P000000000141	44.3	70	120	120	2.21e-12	52.0
OGP2P000000000041	OGP2P000000000138	33.3	81	120	120	1.45e-06	36.6
OGP2P000000000042	OGP2P000000000042	100	180	180	180	9.57e-150	404
OGP2P000000000042	OGP2P000000000043	96.7	120	180	120	3.74e-93	259
OGP2P000000000042	OGP2P000000000017	98.4	61	180	120	4.07e-48	145
OGP2P000000000042	OGP2P000000000089	60.2	118	180	120	2.51e-44	135
OGP2P000000000042	OGP2P000000000187	41.7	120	180	120	3.35e-22	79.3
OGP2P000000000042	OGP2P000000000142	34.8	187	180	180	5.05e-22	80.5
OGP2P000000000042	OGP2P000000000062	59.7	62	180	120	4.37e-19	71.2
OGP2P000000000042	OGP2P000000000063	56.5	62	180	120	9.30e-18	67.8
OGP2P000000000042	OGP2P000000000143	38.1	118	180	120	2.18e-14	58.9
OGP2P000000000042	OGP2P000000000113	50.0	56	180	120	4.25e-14	58.2
OGP2P000000000042	OGP2P000000000186	34.8	115	180	120	8.56e-13	54.7
OGP2P000000000042	OGP2P000000000114	48.2	56	180	120	1.66e-12	53.9
OGP2P000000000042	OGP2P000000000061	28.3	92	180	120	3.62e-06	36.6
OGP2P000000000043	OGP2P000000000043	100	120	120	120	2.92e-97	267
OGP2P000000000043	OGP2P000000000042	96.7	120	120	180	6.12e-94	261
OGP2P000000000043	OGP2P000000000089	58.5	118	120	120	7.98e-45	134
OGP2P000000000043	OGP2P000000000187	41.7	120	120	120	1.90e-23	80.5
OGP2P000000000043	OGP2P000000000142	42.5	120	120	180	2.23e-22	79.3
OGP2P000000000043	OGP2P000000000143	37.5	120	120	120	2.39e-15	59.7
OGP2P000000000043	OGP2P000000000186	35.0	123	120	120	2.63e-14	57.0
OGP2P000000000044	OGP2P000000000044	100	180	180	180	1.36e-140	381
OGP2P000000000044	OGP2P000000000045	92.5	120	180	120	5.53e-79	223
OGP2P000000000044	OGP2P000000000000	69.2	120	180	180	6.78e-50	152
OGP2P000000000044	OGP2P000000000001	64.2	120	180	120	2.18e-45	138
OGP2P000000000044	OGP2P000000000098	100	60	180	180	6.03e-43	134
OGP2P000000000044	OGP2P000000000144	50.9	108	180	120	3.12e-29	97.4
OGP2P000000000044	OGP2P000000000090	42.6	108	180	120	1.44e-20	75.1
OGP2P000000000044	OGP2P000000000168	64.2	53	180	180	1.65e-18	71.2
OGP2P000000000044	OGP2P000000000152	61.8	55	180	180	1.81e-14	60.5
OGP2P000000000044	OGP2P000000000153	52.7	55	180	120	4.53e-11	50.1
OGP2P000000000044	OGP2P000000000091	34.1	91	180	120	4.39e-09	44.7
OGP2P000000000044	OGP2P000000000002	28.0	157	180	180	5.25e-09	45.4
OGP2P000000000044	OGP2P000000000092	34.1	91	180	120	6.07e-09	44.3
OGP2P000000000044	OGP2P000000000145	31.2	109	180	120	3.94e-07	39.3
OGP2P000000000044	OGP2P000000000146	51.4	35	180	120	3.26e-05	33.9
OGP2P000000000045	OGP2P000000000045	100	120	120	120	1.06e-90	250
OGP2P000000000045	OGP2P000000000044	92.5	120	120	180	3.69e-79	223
OGP2P000000000045	OGP2P000000000000	63.3	120	120	180	8.88e-42	129
OGP2P000000000045	OGP2P000000000001	59.2	120	120	120	5.52e-38	117
OGP2P000000000045	OGP2P000000000144	45.3	106	120	120	1.52e-22	78.2
OGP2P000000000045	OGP2P000000000090	38.9	108	120	120	3.05e-16	62.0
OGP2P000000000045	OGP2P000000000168	65.2	46	120	180	1.38e-15	61.6
OGP2P000000000045	OGP2P000000000046	31.8	85	120	120	5.35e-08	40.4
OGP2P000000000045	OGP2P000000000092	34.7	75	120	120	5.35e-08	40.4
OGP2P000000000045	OGP2P000000000091	33.3	75	120	120	1.04e-07	39.7
OGP2P000000000045	OGP2P000000000047	30.6	85	120	120	1.44e-07	39.3
OGP2P000000000046	OGP2P000000000046	100	120	120	120	1.02e-97	268
OGP2P000000000046	OGP2P000000000047	97.5	120	120	120	5.68e-95	261
OGP2P000000000046	OGP2P000000000082	100	60	120	180	1.56e-47	143
OGP2P000000000046	OGP2P000000000045	33.3	75	120	120	1.44e-07	39.3
OGP2P000000000047	OGP2P000000000047	100	120	120	120	8.69e-99	271
OGP2P000000000047	OGP2P000000000046	97.5	120	120	120	6.89e-96	263
OGP2P000000000047	OGP2P000000000082	100	60	120	180	1.56e-47	143
OGP2P000000000047	OGP2P000000000045	30.6	85	120	120	2.01e-07	38.9
OGP2P000000000048	OGP2P000000000048	100	120	120	120	3.03e-99	272
OGP2P000000000048	OGP2P000000000002	61.7	120	120	180	2.92e-45	137
OGP2P000000000048	OGP2P000000000003	60.2	113	120	120	3.56e-41	125
OGP2P000000000048	OGP2P000000000145	42.0	119	120	120	1.08e-22	78.6
OGP2P000000000048	OGP2P000000000092	43.7	103	120	120	8.62e-22	76.3
OGP2P000000000048	OGP2P000000000091	43.7	103	120	120	3.45e-21	74.7
OGP2P000000000048	OGP2P000000000144	33.3	105	120	120	1.97e-08	41.6
OGP2P000000000048	OGP2P000000000168	32.7	98	120	180	3.61e-07	38.9
OGP2P000000000049	OGP2P000000000049	100	120	120	120	1.24e-98	270
OGP2P000000000049	OGP2P000000000006	59.3	118	120	120	5.05e-41	125
OGP2P000000000049	OGP2P000000000007	57.6	118	120	120	1.93e-38	118
OGP2P000000000049	OGP2P000000000185	60.0	60	120	180	1.47e-19	72.0
OGP2P000000000049	OGP2P000000000095	41.2	119	120	120	8.72e-19	68.6
OGP2P000000000049	OGP2P000000000147	37.1	62	120	120	1.45e-06	36.6
OGP2P000000000050	OGP2P000000000050	100	120	120	120	5.43e-102	279
OGP2P000000000050	OGP2P000000000051	96.7	120	120	180	2.71e-97	269
OGP2P000000000050	OGP2P000000000008	71.6	116	120	120	1.36e-59	172
OGP2P000000000050	OGP2P000000000149	42.1	114	120	180	9.62e-21	75.1
OGP2P000000000050	OGP2P000000000096	40.4	114	120	120	3.89e-20	72.0
OGP2P000000000051	OGP2P000000000051	100	180	180	180	4.21e-153	413
OGP2P000000000051	OGP2P000000000050	96.7	120	180	120	2.86e-97	270
OGP2P000000000051	OGP2P000000000008	68.1	119	180	120	1.49e-55	164
OGP2P000000000051	OGP2P000000000032	100	60	180	180	9.32e-45	139
OGP2P000000000051	OGP2P000000000152	85.9	64	180	180	1.76e-39	125
OGP2P000000000051	OGP2P000000000031	90.9	55	180	120	4.20e-35	112
OGP2P000000000051	OGP2P000000000076	67.2	58	180	120	9.36e-22	78.2
OGP2P000000000051	OGP2P000000000131	67.2	58	180	180	3.85e-21	78.2
OGP2P000000000051	OGP2P000000000077	56.9	58	180	120	2.74e-16	63.9
OGP2P000000000052	OGP2P000000000052	100	120	120	120	1.69e-96	265
OGP2P000000000052	OGP2P000000000074	83.5	79	120	180	1.67e-44	135
OGP2P000000000052	OGP2P000000000101	49.1	108	120	180	2.93e-26	89.4
OGP2P000000000052	OGP2P000000000102	46.3	108	120	120	2.36e-24	82.8
OGP2P000000000052	OGP2P000000000156	44.7	114	120	120	1.52e-22	78.2
OGP2P000000000052	OGP2P000000000097	33.6	107	120	120	6.14e-12	50.8
OGP2P000000000052	OGP2P000000000150	31.9	113	120	180	3.00e-10	47.4
OGP2P000000000052	OGP2P000000000009	30.5	118	120	120	7.51e-07	37.4
OGP2P000000000053	OGP2P000000000053	100	180	180	180	7.88e-140	379
OGP2P000000000053	OGP2P000000000054	93.3	120	180	120	1.10e-85	240
OGP2P000000000053	OGP2P000000000093	100	60	180	180	1.59e-37	120
OGP2P000000000053	OGP2P000000000158	46.5	114	180	120	6.92e-25	86.3
OGP2P000000000053	OGP2P000000000055	37.4	131	180	120	3.26e-11	50.4
OGP2P000000000053	OGP2P000000000056	36.6	131	180	120	3.26e-11	50.4
OGP2P000000000053	OGP2P000000000105	31.9	116	180	120	2.08e-07	40.0
OGP2P000000000053	OGP2P000000000012	31.4	118	180	120	4.96e-06	36.2
OGP2P000000000053	OGP2P000000000106	38.0	50	180	180	9.96e-05	33.1
OGP2P000000000054	OGP2P000000000054	100	120	120	120	1.15e-94	260
OGP2P000000000054	OGP2P000000000053	93.3	120	120	180	2.98e-85	239
OGP2P000000000054	OGP2P000000000056	35.6	118	120	120	7.51e-07	37.4
OGP2P000000000055	OGP2P000000000055	100	120	120	120	1.82e-100	275
OGP2P000000000055	OGP2P000000000056	95.8	120	120	120	2.81e-95	262
OGP2P000000000055	OGP2P000000000105	45.7	116	120	120	1.39e-28	93.6
OGP2P000000000055	OGP2P000000000159	41.0	117	120	120	5.38e-23	79.3
OGP2P000000000055	OGP2P000000000103	40.7	113	120	120	2.19e-19	70.1
OGP2P000000000055	OGP2P000000000053	37.2	121	120	180	4.17e-12	52.4
OGP2P000000000055	OGP2P000000000106	31.9	116	120	180	1.53e-09	45.4
OGP2P000000000055	OGP2P000000000012	31.3	112	120	120	3.84e-08	40.8
OGP2P000000000055	OGP2P000000000107	30.2	116	120	180	5.32e-08	41.2
OGP2P000000000056	OGP2P000000000056	100	120	120	120	9.02e-101	276
OGP2P000000000056	OGP2P000000000055	95.8	120	120	120	6.89e-96	263
OGP2P000000000056	OGP2P000000000105	43.1	116	120	120	2.57e-26	87.8
OGP2P000000000056	OGP2P000000000159	39.3	117	120	120	6.10e-22	76.6
OGP2P000000000056	OGP2P000000000103	39.8	113	120	120	1.23e-18	68.2
OGP2P000000000056	OGP2P000000000053	36.4	121	120	180	1.11e-12	53.9
OGP2P000000000056	OGP2P000000000012	33.0	112	120	120	3.55e-10	46.2
OGP2P000000000056	OGP2P000000000054	35.2	108	120	120	1.41e-08	42.0
OGP2P000000000056	OGP2P000000000106	46.8	47	120	180	1.47e-08	42.7
OGP2P000000000056	OGP2P000000000107	42.6	47	120	180	6.82e-07	38.1
OGP2P000000000057	OGP2P000000000057	100	120	120	120	1.22e-107	293
OGP2P000000000057	OGP2P000000000014	61.7	120	120	180	5.46e-48	144
OGP2P000000000057	OGP2P000000000058	44.5	119	120	120	2.43e-29	95.5
OGP2P000000000057	OGP2P000000000108	44.1	118	120	180	8.25e-26	88.2
OGP2P000000000057	OGP2P000000000181	48.5	103	120	180	4.02e-23	81.3
OGP2P000000000057	OGP2P000000000110	39.2	120	120	180	1.47e-19	72.0
OGP2P000000000057	OGP2P000000000015	31.0	100	120	120	5.21e-14	56.2
OGP2P000000000057	OGP2P000000000016	31.0	100	120	120	1.58e-12	52.4
OGP2P000000000058	OGP2P000000000058	100	120	120	120	1.82e-100	275
OGP2P000000000058	OGP2P000000000057	44.5	119	120	120	6.92e-29	94.4
OGP2P000000000058	OGP2P000000000110	42.4	118	120	180	1.30e-24	85.1
OGP2P000000000058	OGP2P000000000109	42.4	118	120	180	1.83e-24	84.7
OGP2P000000000058	OGP2P000000000014	34.2	120	120	180	2.15e-12	53.1
OGP2P000000000058	OGP2P000000000162	32.9	73	120	120	1.04e-07	39.7
OGP2P000000000058	OGP2P000000000181	34.2	79	120	180	8.49e-06	35.0
OGP2P000000000059	OGP2P000000000059	100	120	120	120	9.44e-94	258
OGP2P000000000059	OGP2P000000000111	44.7	114	120	120	2.94e-25	85.1
OGP2P000000000059	OGP2P000000000109	32.7	52	120	180	2.61e-04	30.8
OGP2P000000000060	OGP2P000000000060	100	120	120	120	3.03e-99	272
OGP2P000000000060	OGP2P000000000015	67.5	120	120	120	9.59e-60	172
OGP2P000000000060	OGP2P000000000016	64.7	119	120	120	3.56e-55	160
OGP2P000000000060	OGP2P000000000112	43.7	119	120	120	1.90e-23	80.5
OGP2P000000000061	OGP2P000000000061	100	120	120	120	1.50e-99	273
OGP2P000000000061	OGP2P000000000164	38.7	119	120	180	5.75e-19	70.5
OGP2P000000000061	OGP2P000000000113	41.1	95	120	120	4.30e-16	61.6
OGP2P000000000061	OGP2P000000000114	38.9	95	120	120	3.70e-14	56.6
OGP2P000000000061	OGP2P000000000017	36.3	113	120	120	6.95e-10	45.4
OGP2P000000000061	OGP2P000000000042	44.4	45	120	180	6.21e-06	35.4
OGP2P000000000062	OGP2P000000000062	100	120	120	120	1.33e-102	280
OGP2P000000000062	OGP2P000000000063	90.8	120	120	120	3.57e-89	246
OGP2P000000000062	OGP2P000000000017	62.7	118	120	120	4.84e-46	137
OGP2P000000000062	OGP2P000000000113	43.7	119	120	120	1.12e-27	91.3
OGP2P000000000062	OGP2P000000000114	42.9	119	120	120	5.16e-26	87.0
OGP2P000000000062	OGP2P000000000042	59.7	62	120	180	8.08e-19	70.1
OGP2P000000000063	OGP2P000000000063	100	120	120	120	1.62e-103	283
OGP2P000000000063	OGP2P000000000062	90.8	120	120	120	1.24e-89	248
OGP2P000000000063	OGP2P000000000017	58.5	118	120	120	6.18e-42	127
OGP2P000000000063	OGP2P000000000113	40.3	119	120	120	8.34e-25	84.0
OGP2P000000000063	OGP2P000000000114	39.5	119	120	120	3.80e-23	79.7
OGP2P000000000063	OGP2P000000000042	56.5	62	120	180	4.42e-18	68.2
OGP2P000000000064	OGP2P000000000064	100	120	120	120	3.99e-95	261
OGP2P000000000064	OGP2P000000000065	94.2	120	120	180	1.80e-86	242
OGP2P000000000064	OGP2P000000000118	38.3	120	120	180	1.24e-21	77.4
OGP2P000000000064	OGP2P000000000066	42.3	104	120	180	3.77e-20	73.6
OGP2P000000000064	OGP2P000000000168	35.0	120	120	180	1.54e-12	53.5
OGP2P000000000065	OGP2P000000000065	100	180	180	180	9.21e-148	399
OGP2P000000000065	OGP2P000000000064	94.2	120	180	120	6.62e-87	243
OGP2P000000000065	OGP2P000000000071	78.0	82	180	120	6.65e-47	142
OGP2P000000000065	OGP2P000000000070	78.5	79	180	120	2.51e-44	135
OGP2P000000000065	OGP2P000000000022	59.4	69	180	180	1.30e-22	82.0
OGP2P000000000065	OGP2P000000000023	56.5	69	180	120	2.61e-21	77.0
OGP2P000000000065	OGP2P000000000118	35.0	120	180	180	9.28e-16	63.9
OGP2P000000000065	OGP2P000000000066	39.0	100	180	180	2.52e-14	60.1
OGP2P000000000066	OGP2P000000000066	100	180	180	180	8.86e-146	394
OGP2P000000000066	OGP2P000000000143	100	61	180	120	1.25e-44	136
OGP2P000000000066	OGP2P000000000142	88.5	61	180	180	6.35e-37	119
OGP2P000000000066	OGP2P000000000014	90.0	60	180	180	8.97e-37	118
OGP2P000000000066	OGP2P000000000064	42.3	104	180	120	4.02e-20	73.9
OGP2P000000000066	OGP2P000000000187	55.9	59	180	120	5.39e-16	63.2
OGP2P000000000066	OGP2P000000000120	34.5	119	180	120	2.07e-15	61.6
OGP2P000000000066	OGP2P000000000118	35.3	102	180	180	1.81e-14	60.5
OGP2P000000000066	OGP2P000000000065	38.5	104	180	180	9.35e-14	58.5
OGP2P000000000066	OGP2P000000000188	50.8	59	180	180	4.65e-12	53.9
OGP2P000000000066	OGP2P000000000089	45.7	46	180	120	4.53e-11	50.1
OGP2P000000000066	OGP2P000000000171	27.8	126	180	120	7.99e-08	41.2
OGP2P000000000066	OGP2P000000000000	25.3	79	180	180	1.92e-06	38.1
OGP2P000000000066	OGP2P000000000172	37.0	46	180	120	1.27e-05	35.0
OGP2P000000000067	OGP2P000000000067	100	120	120	120	8.69e-99	271
OGP2P000000000067	OGP2P000000000068	95.8	120	120	120	1.83e-91	252
OGP2P000000000067	OGP2P000000000123	38.5	117	120	180	1.47e-19	72.0
OGP2P000000000067	OGP2P000000000069	37.1	116	120	120	2.74e-17	64.7
OGP2P000000000067	OGP2P000000000124	38.5	104	120	180	3.02e-11	50.1
OGP2P000000000067	OGP2P000000000126	30.6	121	120	120	3.34e-11	48.9
OGP2P000000000067	OGP2P000000000127	29.8	121	120	120	6.95e-10	45.4
OGP2P000000000068	OGP2P000000000068	100	120	120	120	1.19e-96	265
OGP2P000000000068	OGP2P000000000067	95.8	120	120	120	1.83e-91	252
OGP2P000000000068	OGP2P000000000123	37.7	114	120	180	4.73e-17	65.5
OGP2P000000000068	OGP2P000000000069	34.5	116	120	120	7.33e-14	55.8
OGP2P000000000068	OGP2P000000000124	37.5	104	120	180	3.02e-11	50.1
OGP2P000000000069	OGP2P000000000069	100	120	120	120	1.50e-99	273
OGP2P000000000069	OGP2P000000000173	45.2	115	120	120	5.59e-28	92.0
OGP2P000000000069	OGP2P000000000174	43.5	115	120	120	1.47e-25	85.9
OGP2P000000000069	OGP2P000000000067	37.1	116	120	120	2.74e-17	64.7
OGP2P000000000069	OGP2P000000000068	34.5	116	120	120	7.33e-14	55.8
OGP2P000000000069	OGP2P000000000124	43.9	57	120	180	7.73e-09	43.5
OGP2P000000000070	OGP2P000000000070	100	120	120	120	4.15e-97	266
OGP2P000000000070	OGP2P000000000071	96.7	120	120	120	1.57e-92	255
OGP2P000000000070	OGP2P000000000022	65.3	118	120	180	3.56e-51	152
OGP2P000000000070	OGP2P000000000023	63.6	118	120	120	2.66e-50	148
OGP2P000000000070	OGP2P000000000065	96.7	60	120	180	2.72e-43	132
OGP2P000000000070	OGP2P000000000175	42.2	109	120	120	6.10e-22	76.6
OGP2P000000000070	OGP2P000000000124	42.0	112	120	180	1.05e-19	72.4
OGP2P000000000071	OGP2P000000000071	100	120	120	120	2.49e-98	270
OGP2P000000000071	OGP2P000000000070	96.7	120	120	120	1.91e-93	257
OGP2P000000000071	OGP2P000000000022	62.7	118	120	180	5.46e-48	144
OGP2P000000000071	OGP2P000000000023	61.0	118	120	120	4.17e-47	140
OGP2P000000000071	OGP2P000000000065	100	60	120	180	1.79e-46	140
OGP2P000000000071	OGP2P000000000175	42.2	109	120	120	7.61e-23	79.0
OGP2P000000000071	OGP2P000000000124	40.5	111	120	180	2.07e-19	71.6
OGP2P000000000072	OGP2P000000000072	100	120	120	120	1.18e-105	288
OGP2P000000000072	OGP2P000000000073	92.5	120	120	120	3.41e-96	264
OGP2P000000000072	OGP2P000000000028	68.4	114	120	120	5.79e-61	175
OGP2P000000000072	OGP2P000000000029	64.9	114	120	120	1.24e-55	162
OGP2P000000000072	OGP2P000000000176	43.0	121	120	120	5.38e-23	79.3
OGP2P000000000073	OGP2P000000000073	100	120	120	120	8.30e-106	288
OGP2P000000000073	OGP2P000000000072	92.5	120	120	120	3.41e-96	264
OGP2P000000000073	OGP2P000000000028	64.0	114	120	120	3.73e-57	166
OGP2P000000000073	OGP2P000000000029	60.5	114	120	120	7.98e-52	152
OGP2P000000000074	OGP2P000000000074	100	180	180	180	1.86e-147	399
OGP2P000000000074	OGP2P000000000075	95.0	120	180	120	1.03e-90	253
OGP2P000000000074	OGP2P000000000030	61.5	122	180	180	9.61e-50	151
OGP2P000000000074	OGP2P000000000052	83.5	79	180	120	2.51e-44	135
OGP2P000000000074	OGP2P000000000104	73.4	79	180	180	2.49e-39	125
OGP2P000000000074	OGP2P000000000177	44.9	107	180	120	2.61e-21	77.0
OGP2P000000000074	OGP2P000000000101	46.3	54	180	180	1.41e-06	38.5
OGP2P000000000075	OGP2P000000000075	100	120	120	120	2.59e-100	275
OGP2P000000000075	OGP2P000000000074	95.0	120	120	180	6.84e-91	253
OGP2P000000000075	OGP2P000000000104	78.5	79	120	180	1.79e-46	140
OGP2P000000000075	OGP2P000000000030	57.5	120	120	180	2.37e-44	135
OGP2P000000000076	OGP2P000000000076	100	120	120	120	7.16e-98	268
OGP2P000000000076	OGP2P000000000077	91.7	120	120	120	5.70e-86	238
OGP2P000000000076	OGP2P000000000032	60.3	116	120	180	2.92e-45	137
OGP2P000000000076	OGP2P000000000131	92.4	66	120	180	1.10e-42	131
OGP2P000000000076	OGP2P000000000031	52.9	119	120	120	1.11e-37	116
OGP2P000000000076	OGP2P000000000178	45.7	116	120	120	3.19e-27	90.1
OGP2P000000000076	OGP2P000000000152	69.0	58	120	180	2.23e-22	79.3
OGP2P000000000076	OGP2P000000000051	67.2	58	120	180	1.24e-21	77.4
OGP2P000000000077	OGP2P000000000077	100	120	120	120	7.16e-98	268
OGP2P000000000077	OGP2P000000000076	91.7	120	120	120	4.01e-86	239
OGP2P000000000077	OGP2P000000000032	53.4	116	120	180	1.74e-36	115
OGP2P000000000077	OGP2P000000000131	76.4	72	120	180	1.12e-34	110
OGP2P000000000077	OGP2P000000000031	46.2	119	120	120	9.80e-29	94.0
OGP2P000000000077	OGP2P000000000152	58.6	58	120	180	2.56e-16	63.5
OGP2P000000000077	OGP2P000000000051	56.9	58	120	180	1.38e-15	61.6
OGP2P000000000078	OGP2P000000000078	100	120	120	120	5.43e-102	279
OGP2P000000000078	OGP2P000000000079	93.3	120	120	120	5.47e-93	256
OGP2P000000000078	OGP2P000000000130	48.7	117	120	180	7.22e-33	106
OGP2P000000000078	OGP2P000000000131	47.4	116	120	180	5.22e-30	99.0
OGP2P000000000078	OGP2P000000000080	44.8	116	120	120	6.40e-27	89.4
OGP2P000000000078	OGP2P000000000081	42.2	116	120	120	6.70e-24	81.6
OGP2P000000000078	OGP2P000000000134	40.2	117	120	120	2.19e-19	70.1
OGP2P000000000078	OGP2P000000000133	40.2	117	120	120	6.91e-18	66.2
OGP2P000000000078	OGP2P000000000098	50.9	53	120	180	1.54e-12	53.5
OGP2P000000000078	OGP2P000000000149	38.3	60	120	180	6.82e-07	38.1
OGP2P000000000079	OGP2P000000000079	100	120	120	120	3.14e-101	277
OGP2P000000000079	OGP2P000000000078	93.3	120	120	120	1.29e-91	253
OGP2P000000000079	OGP2P000000000130	47.0	117	120	180	1.47e-29	97.8
OGP2P000000000079	OGP2P000000000131	45.7	116	120	180	1.04e-26	90.5
OGP2P000000000079	OGP2P000000000132	40.9	110	120	120	2.44e-21	75.1
OGP2P000000000079	OGP2P000000000134	38.3	120	120	120	7.33e-14	55.8
OGP2P000000000079	OGP2P000000000133	38.3	120	120	120	3.11e-12	51.6
OGP2P000000000079	OGP2P000000000098	47.2	53	120	180	3.00e-10	47.4
OGP2P000000000079	OGP2P000000000149	36.7	60	120	180	1.59e-05	34.3
OGP2P000000000080	OGP2P000000000080	100	120	120	120	7.71e-102	278
OGP2P000000000080	OGP2P000000000081	95.0	120	120	120	3.99e-95	261
OGP2P000000000080	OGP2P000000000078	44.8	116	120	120	2.08e-25	85.5
OGP2P000000000080	OGP2P000000000130	42.1	114	120	180	1.91e-20	74.3
OGP2P000000000080	OGP2P000000000131	41.2	114	120	180	2.07e-19	71.6
OGP2P000000000080	OGP2P000000000098	50.0	42	120	180	2.12e-09	45.1
OGP2P000000000081	OGP2P000000000081	100	120	120	120	2.69e-102	280
OGP2P000000000081	OGP2P000000000080	95.0	120	120	120	5.68e-95	261
OGP2P000000000081	OGP2P000000000078	42.2	116	120	120	3.05e-22	77.4
OGP2P000000000081	OGP2P000000000130	40.2	107	120	180	2.56e-16	63.5
OGP2P000000000081	OGP2P000000000131	39.3	107	120	180	2.71e-15	60.8
OGP2P000000000081	OGP2P000000000098	47.6	42	120	180	7.33e-08	40.8
OGP2P000000000082	OGP2P000000000082	100	180	180	180	1.65e-150	406
OGP2P000000000082	OGP2P000000000046	100	60	180	120	1.65e-47	144
OGP2P000000000082	OGP2P000000000047	100	60	180	120	1.65e-47	144
OGP2P000000000082	OGP2P000000000099	100	60	180	180	8.53e-43	134
OGP2P000000000082	OGP2P000000000133	48.3	118	180	120	3.12e-29	97.4
OGP2P000000000082	OGP2P000000000179	40.3	119	180	120	1.70e-18	69.7
OGP2P000000000082	OGP2P000000000130	37.8	111	180	180	4.79e-13	56.6
OGP2P000000000082	OGP2P000000000131	36.8	117	180	180	1.76e-12	55.1
OGP2P000000000082	OGP2P000000000098	40.4	57	180	180	6.52e-06	36.6
OGP2P000000000083	OGP2P000000000083	100	120	120	120	3.14e-101	277
OGP2P000000000083	OGP2P000000000033	61.7	120	120	120	6.86e-53	155
OGP2P000000000083	OGP2P000000000034	58.3	120	120	120	1.78e-48	144
OGP2P000000000083	OGP2P000000000181	46.7	120	120	180	3.18e-34	109
OGP2P000000000083	OGP2P000000000182	43.3	120	120	180	2.61e-30	99.8
OGP2P000000000083	OGP2P000000000022	54.2	59	120	180	3.45e-21	76.3
OGP2P000000000083	OGP2P000000000130	47.5	59	120	180	1.38e-15	61.6
OGP2P000000000083	OGP2P000000000131	28.7	115	120	180	4.05e-09	44.3
OGP2P000000000084	OGP2P000000000084	100	120	120	120	2.69e-102	280
OGP2P000000000084	OGP2P000000000035	63.6	118	120	120	2.40e-53	156
OGP2P000000000084	OGP2P000000000036	58.5	118	120	180	1.79e-46	140
OGP2P000000000084	OGP2P000000000037	42.7	117	120	120	3.80e-23	79.7
OGP2P000000000084	OGP2P000000000135	41.6	113	120	120	5.38e-23	79.3
OGP2P000000000084	OGP2P000000000136	38.9	113	120	120	9.74e-21	73.6
OGP2P000000000084	OGP2P000000000038	42.6	94	120	120	1.74e-18	67.8
OGP2P000000000084	OGP2P000000000183	41.5	106	120	120	3.70e-14	56.6
OGP2P000000000085	OGP2P000000000085	100	120	120	120	1.19e-96	265
OGP2P000000000085	OGP2P000000000137	55.2	116	120	120	9.04e-37	114
OGP2P000000000085	OGP2P000000000185	50.0	116	120	180	5.87e-29	96.3
OGP2P000000000085	OGP2P000000000123	51.7	58	120	180	2.12e-09	45.1
OGP2P000000000086	OGP2P000000000086	100	120	120	120	5.89e-97	266
OGP2P000000000086	OGP2P000000000087	95.8	120	120	120	7.77e-93	256
OGP2P000000000086	OGP2P000000000039	62.2	119	120	120	6.54e-51	150
OGP2P000000000086	OGP2P000000000138	43.0	79	120	120	4.96e-10	45.8
OGP2P000000000086	OGP2P000000000139	41.8	79	120	120	9.72e-10	45.1
OGP2P000000000087	OGP2P000000000087	100	120	120	120	2.92e-97	267
OGP2P000000000087	OGP2P000000000086	95.8	120	120	120	5.47e-93	256
OGP2P000000000087	OGP2P000000000039	58.0	119	120	120	5.92e-47	140
OGP2P000000000087	OGP2P000000000139	36.2	116	120	120	1.70e-11	49.7
OGP2P000000000087	OGP2P000000000138	44.3	79	120	120	2.38e-11	49.3
OGP2P000000000088	OGP2P000000000088	100	120	120	120	2.13e-99	272
OGP2P000000000088	OGP2P000000000041	53.0	117	120	120	2.27e-32	103
OGP2P000000000088	OGP2P000000000140	43.1	116	120	120	3.89e-20	72.0
OGP2P000000000088	OGP2P000000000141	42.2	116	120	120	2.46e-18	67.4
OGP2P000000000089	OGP2P000000000089	100	120	120	120	5.23e-100	274
OGP2P000000000089	OGP2P000000000042	60.2	118	120	180	8.32e-45	136
OGP2P000000000089	OGP2P000000000043	58.5	118	120	120	1.61e-44	134
OGP2P000000000089	OGP2P000000000187	43.7	119	120	120	6.92e-29	94.4
OGP2P000000000089	OGP2P000000000142	43.4	122	120	180	2.62e-27	92.0
OGP2P000000000089	OGP2P000000000143	40.3	119	120	120	8.34e-25	84.0
OGP2P000000000089	OGP2P000000000188	38.8	121	120	180	6.84e-21	75.5
OGP2P000000000089	OGP2P000000000014	33.3	99	120	180	4.17e-12	52.4
OGP2P000000000089	OGP2P000000000066	45.7	46	120	180	3.02e-11	50.1
OGP2P000000000090	OGP2P000000000090	100	120	120	120	9.80e-96	263
OGP2P000000000090	OGP2P000000000144	40.5	116	120	120	6.89e-21	73.9
OGP2P000000000090	OGP2P000000000044	42.6	108	120	180	2.68e-20	73.9
OGP2P000000000090	OGP2P000000000000	40.9	93	120	180	1.14e-18	69.7
OGP2P000000000090	OGP2P000000000045	41.5	82	120	120	7.70e-17	63.5
OGP2P000000000090	OGP2P000000000001	36.6	93	120	120	9.42e-15	58.2
OGP2P000000000091	OGP2P000000000091	100	120	120	120	1.69e-96	265
OGP2P000000000091	OGP2P000000000092	95.8	120	120	120	1.06e-90	250
OGP2P000000000091	OGP2P000000000145	65.5	119	120	120	1.32e-50	149
OGP2P000000000091	OGP2P000000000146	64.3	112	120	120	1.87e-43	131
OGP2P000000000091	OGP2P000000000002	45.0	111	120	180	2.02e-23	82.0
OGP2P000000000091	OGP2P000000000003	42.3	111	120	120	1.38e-20	73.2
OGP2P000000000091	OGP2P000000000048	46.2	91	120	120	5.50e-20	71.6
OGP2P000000000091	OGP2P000000000144	36.0	111	120	120	6.57e-11	48.1
OGP2P000000000091	OGP2P000000000044	34.1	91	120	180	2.93e-09	44.7
OGP2P000000000091	OGP2P000000000168	44.4	54	120	180	1.07e-08	43.1
OGP2P000000000091	OGP2P000000000045	33.3	78	120	120	1.44e-07	39.3
OGP2P000000000092	OGP2P000000000092	100	120	120	120	1.69e-96	265
OGP2P000000000092	OGP2P000000000091	95.8	120	120	120	2.61e-91	252
OGP2P000000000092	OGP2P000000000145	63.9	119	120	120	6.22e-49	145
OGP2P000000000092	OGP2P000000000146	62.5	112	120	120	1.07e-42	129
OGP2P000000000092	OGP2P000000000002	45.0	111	120	180	6.51e-25	85.9
OGP2P000000000092	OGP2P000000000003	42.3	111	120	120	4.31e-22	77.0
OGP2P000000000092	OGP2P000000000048	43.4	106	120	120	4.87e-21	74.3
OGP2P000000000092	OGP2P000000000144	34.2	111	120	120	2.53e-10	46.6
OGP2P000000000092	OGP2P000000000168	40.3	77	120	180	1.11e-09	45.8
OGP2P000000000092	OGP2P000000000044	34.1	91	120	180	2.93e-09	44.7
OGP2P000000000092	OGP2P000000000045	34.6	78	120	120	5.35e-08	40.4
OGP2P000000000093	OGP2P000000000093	100	180	180	180	1.59e-139	379
OGP2P000000000093	OGP2P000000000184	100	60	180	120	3.31e-42	130
OGP2P000000000093	OGP2P000000000110	98.4	61	180	180	1.37e-41	130
OGP2P000000000093	OGP2P000000000036	100	60	180	180	1.94e-41	130
OGP2P000000000093	OGP2P000000000164	100	60	180	180	1.94e-41	130
OGP2P000000000093	OGP2P000000000053	100	60	180	180	1.59e-37	120
OGP2P000000000093	OGP2P000000000004	40.4	114	180	120	4.02e-20	73.9
OGP2P000000000093	OGP2P000000000094	42.9	98	180	120	1.57e-19	72.4
OGP2P000000000093	OGP2P000000000147	40.9	88	180	120	2.39e-18	69.3
OGP2P000000000093	OGP2P000000000095	36.8	114	180	120	1.83e-17	67.0
OGP2P000000000093	OGP2P000000000005	37.7	114	180	120	1.06e-15	62.4
OGP2P000000000093	OGP2P000000000006	31.4	86	180	120	1.74e-05	34.7
OGP2P000000000094	OGP2P000000000094	100	120	120	120	1.56e-101	278
OGP2P000000000094	OGP2P000000000147	61.4	114	120	120	4.60e-51	150
OGP2P000000000094	OGP2P000000000148	58.6	111	120	180	2.06e-45	138
OGP2P000000000094	OGP2P000000000004	40.0	110	120	120	1.52e-22	78.2
OGP2P000000000094	OGP2P000000000093	42.9	98	120	180	2.07e-19	71.6
OGP2P000000000094	OGP2P000000000005	35.5	110	120	120	8.54e-16	60.8
OGP2P000000000095	OGP2P000000000095	100	120	120	120	9.44e-94	258
OGP2P000000000095	OGP2P000000000049	41.2	119	120	120	6.17e-19	68.9
OGP2P000000000095	OGP2P000000000006	39.5	119	120	120	1.23e-18	68.2
OGP2P000000000095	OGP2P000000000093	36.8	114	120	180	1.30e-16	64.3
OGP2P000000000095	OGP2P000000000007	35.3	119	120	120	4.37e-12	51.2
OGP2P000000000095	OGP2P000000000185	36.1	61	120	180	9.36e-07	37.7
OGP2P000000000096	OGP2P000000000096	100	120	120	120	1.28e-100	275
OGP2P000000000096	OGP2P000000000149	67.2	119	120	180	2.11e-57	168
OGP2P000000000096	OGP2P000000000008	45.4	119	120	120	1.59e-27	90.9
OGP2P000000000096	OGP2P000000000050	40.4	114	120	120	2.19e-19	70.1
OGP2P000000000097	OGP2P000000000097	100	120	120	120	3.03e-99	272
OGP2P000000000097	OGP2P000000000150	58.8	114	120	180	8.32e-45	136
OGP2P000000000097	OGP2P000000000002	98.4	62	120	180	2.72e-43	132
OGP2P000000000097	OGP2P000000000151	57.1	112	120	120	3.07e-42	128
OGP2P000000000097	OGP2P000000000009	45.6	114	120	120	1.04e-25	86.3
OGP2P000000000097	OGP2P000000000101	36.1	119	120	180	2.56e-16	63.5
OGP2P000000000097	OGP2P000000000102	35.1	114	120	120	1.70e-15	60.1
OGP2P000000000097	OGP2P000000000152	34.8	115	120	180	2.93e-13	55.5
OGP2P000000000097	OGP2P000000000052	33.6	107	120	120	5.68e-13	53.5
OGP2P000000000097	OGP2P000000000153	33.3	108	120	120	6.14e-12	50.8
OGP2P000000000097	OGP2P000000000099	36.5	96	120	180	1.01e-07	40.4
OGP2P000000000097	OGP2P000000000100	36.5	96	120	120	2.80e-07	38.5
OGP2P000000000098	OGP2P000000000098	100	180	180	180	2.17e-155	419
OGP2P000000000098	OGP2P000000000152	66.1	115	180	180	7.87e-54	162
OGP2P000000000098	OGP2P000000000153	60.0	115	180	120	1.90e-46	141
OGP2P000000000098	OGP2P000000000131	98.4	61	180	180	1.32e-44	138
OGP2P000000000098	OGP2P000000000044	100	60	180	180	7.50e-44	136
OGP2P000000000098	OGP2P000000000130	93.4	61	180	180	9.69e-42	131
OGP2P000000000098	OGP2P000000000009	39.6	101	180	120	1.40e-16	64.7
OGP2P000000000098	OGP2P000000000078	52.0	50	180	120	8.71e-12	52.0
OGP2P000000000098	OGP2P000000000099	31.2	186	180	180	2.34e-11	52.0
OGP2P000000000098	OGP2P000000000079	48.0	50	180	120	1.66e-09	45.8
OGP2P000000000098	OGP2P000000000080	50.0	42	180	120	4.39e-09	44.7
OGP2P000000000098	OGP2P000000000081	51.4	35	180	120	1.10e-07	40.8
OGP2P000000000098	OGP2P000000000082	40.4	57	180	180	4.80e-06	37.0
OGP2P000000000099	OGP2P000000000099	100	180	180	180	1.21e-152	412
OGP2P000000000099	OGP2P000000000100	93.3	120	180	120	1.77e-91	255
OGP2P000000000099	OGP2P000000000154	68.9	119	180	120	1.93e-58	171
OGP2P000000000099	OGP2P000000000155	63.9	119	180	120	2.30e-52	156
OGP2P000000000099	OGP2P000000000082	86.1	72	180	180	1.50e-43	135
OGP2P000000000099	OGP2P000000000010	45.4	119	180	120	1.76e-28	95.5
OGP2P000000000099	OGP2P000000000108	74.1	58	180	180	1.85e-26	92.0
OGP2P000000000099	OGP2P000000000011	43.0	114	180	180	1.11e-24	87.4
OGP2P000000000099	OGP2P000000000009	40.2	82	180	120	4.25e-14	58.2
OGP2P000000000099	OGP2P000000000098	31.0	187	180	180	2.34e-11	52.0
OGP2P000000000099	OGP2P000000000097	36.5	96	180	120	7.99e-08	41.2
OGP2P000000000099	OGP2P000000000130	40.7	54	180	180	7.64e-07	39.3
OGP2P000000000099	OGP2P000000000131	40.4	57	180	180	3.54e-06	37.4
OGP2P000000000099	OGP2P000000000106	35.1	57	180	180	4.03e-05	34.3
OGP2P000000000099	OGP2P000000000151	32.7	98	180	120	4.45e-05	33.5
OGP2P000000000100	OGP2P000000000100	100	120	120	120	1.62e-103	283
OGP2P000000000100	OGP2P000000000099	93.3	120	120	180	1.18e-91	255
OGP2P000000000100	OGP2P000000000154	63.0	119	120	120	1.32e-50	149
OGP2P000000000100	OGP2P000000000155	58.0	119	120	120	1.61e-44	134
OGP2P000000000100	OGP2P000000000010	42.9	119	120	120	1.04e-25	86.3
OGP2P000000000100	OGP2P000000000108	74.1	54	120	180	1.64e-25	87.4
OGP2P000000000100	OGP2P000000000009	37.8	82	120	120	1.45e-13	55.1
OGP2P000000000100	OGP2P000000000097	36.5	96	120	120	1.44e-07	39.3
OGP2P000000000100	OGP2P000000000106	31.4	70	120	180	2.17e-05	33.9
OGP2P000000000100	OGP2P000000000151	34.9	63	120	120	1.86e-04	30.8
OGP2P000000000101	OGP2P000000000101	100	180	180	180	1.59e-148	401
OGP2P000000000101	OGP2P000000000102	91.7	120	180	120	8.61e-83	233
OGP2P000000000101	OGP2P000000000183	100	60	180	120	1.65e-47	144
OGP2P000000000101	OGP2P000000000156	64.3	115	180	120	3.09e-45	138
OGP2P000000000101	OGP2P000000000157	62.6	115	180	120	7.14e-44	134
OGP2P000000000101	OGP2P000000000182	88.5	61	180	180	9.00e-34	110
OGP2P000000000101	OGP2P000000000052	49.1	108	180	120	1.97e-27	92.8
OGP2P000000000101	OGP2P000000000097	35.5	124	180	120	9.96e-17	65.1
OGP2P000000000101	OGP2P000000000150	34.1	132	180	180	9.37e-15	61.2
OGP2P000000000101	OGP2P000000000151	36.5	115	180	120	1.62e-13	56.6
OGP2P000000000101	OGP2P000000000074	46.3	54	180	180	1.63e-07	41.2
OGP2P000000000102	OGP2P000000000102	100	120	120	120	5.68e-95	261
OGP2P000000000102	OGP2P000000000101	91.7	120	120	180	1.16e-82	232
OGP2P000000000102	OGP2P000000000182	57.4	122	120	180	2.20e-42	130
OGP2P000000000102	OGP2P000000000156	60.9	115	120	120	5.05e-41	125
OGP2P000000000102	OGP2P000000000157	58.0	119	120	120	8.29e-40	122
OGP2P000000000102	OGP2P000000000052	46.3	108	120	120	2.08e-25	85.5
OGP2P000000000102	OGP2P000000000097	35.1	114	120	120	6.06e-16	61.2
OGP2P000000000102	OGP2P000000000150	36.5	115	120	180	2.93e-13	55.5
OGP2P000000000102	OGP2P000000000151	34.8	115	120	120	4.37e-12	51.2
OGP2P000000000103	OGP2P000000000103	100	120	120	120	1.50e-99	273
OGP2P000000000103	OGP2P000000000104	92.4	119	120	180	3.62e-86	241
OGP2P000000000103	OGP2P000000000158	69.2	120	120	120	7.52e-57	165
OGP2P000000000103	OGP2P000000000105	44.3	115	120	120	1.82e-26	88.2
OGP2P000000000103	OGP2P000000000055	40.9	110	120	120	5.50e-20	71.6
OGP2P000000000103	OGP2P000000000056	40.0	110	120	120	1.23e-18	68.2
OGP2P000000000103	OGP2P000000000106	32.7	113	120	180	4.09e-13	55.1
OGP2P000000000104	OGP2P000000000104	100	180	180	180	5.33e-147	397
OGP2P000000000104	OGP2P000000000103	92.4	119	180	120	2.21e-85	239
OGP2P000000000104	OGP2P000000000158	68.7	115	180	120	1.62e-52	156
OGP2P000000000104	OGP2P000000000075	100	60	180	120	1.54e-45	139
OGP2P000000000104	OGP2P000000000074	93.3	60	180	180	3.52e-39	124
OGP2P000000000104	OGP2P000000000105	43.2	118	180	120	1.38e-24	85.5
OGP2P000000000104	OGP2P000000000030	60.0	60	180	180	4.31e-19	72.8
OGP2P000000000105	OGP2P000000000105	100	120	120	120	1.45e-97	268
OGP2P000000000105	OGP2P000000000159	69.7	119	120	120	5.30e-57	165
OGP2P000000000105	OGP2P000000000055	45.7	116	120	120	3.95e-28	92.4
OGP2P000000000105	OGP2P000000000117	62.7	67	120	180	1.16e-25	87.8
OGP2P000000000105	OGP2P000000000103	44.3	115	120	120	2.08e-25	85.5
OGP2P000000000105	OGP2P000000000056	43.1	116	120	120	2.94e-25	85.1
OGP2P000000000105	OGP2P000000000104	43.5	115	120	180	2.58e-24	84.3
OGP2P000000000105	OGP2P000000000053	31.9	116	120	180	7.33e-08	40.8
OGP2P000000000106	OGP2P000000000106	100	180	180	180	7.00e-152	410
OGP2P000000000106	OGP2P000000000107	95.0	120	180	180	4.21e-94	264
OGP2P000000000106	OGP2P000000000009	62.4	117	180	120	1.90e-46	141
OGP2P000000000106	OGP2P000000000103	32.5	114	180	120	2.32e-12	53.5
OGP2P000000000106	OGP2P000000000055	43.9	57	180	120	8.64e-10	46.6
OGP2P000000000106	OGP2P000000000056	46.8	47	180	120	2.29e-09	45.4
OGP2P000000000106	OGP2P000000000100	30.7	88	180	120	1.40e-06	37.7
OGP2P000000000106	OGP2P000000000099	30.3	89	180	180	1.92e-06	38.1
OGP2P000000000106	OGP2P000000000053	38.8	49	180	180	1.62e-05	35.4
OGP2P000000000107	OGP2P000000000107	100	180	180	180	9.94e-152	409
OGP2P000000000107	OGP2P000000000106	95.0	120	180	180	4.21e-94	264
OGP2P000000000107	OGP2P000000000123	100	60	180	180	1.50e-43	135
OGP2P000000000107	OGP2P000000000055	40.4	57	180	120	1.60e-08	43.1
OGP2P000000000107	OGP2P000000000056	42.6	47	180	120	4.20e-08	42.0
OGP2P000000000107	OGP2P000000000053	36.7	49	180	180	9.96e-05	33.1
OGP2P000000000108	OGP2P000000000108	100	180	180	180	8.50e-153	412
OGP2P000000000108	OGP2P000000000154	100	60	180	120	2.51e-44	135
OGP2P000000000108	OGP2P000000000155	89.8	59	180	120	4.58e-37	117
OGP2P000000000108	OGP2P000000000099	74.1	58	180	180	4.00e-25	88.6
OGP2P000000000108	OGP2P000000000057	44.3	115	180	120	4.91e-25	86.7
OGP2P000000000108	OGP2P000000000100	74.1	54	180	120	1.08e-23	83.2
OGP2P000000000109	OGP2P000000000109	100	180	180	180	5.54e-149	402
OGP2P000000000109	OGP2P000000000110	92.6	122	180	180	4.46e-89	251
OGP2P000000000109	OGP2P000000000025	100	60	180	120	1.77e-44	136
OGP2P000000000109	OGP2P000000000160	61.3	119	180	120	1.77e-44	136
OGP2P000000000109	OGP2P000000000161	60.5	119	180	120	5.04e-44	135
OGP2P000000000109	OGP2P000000000024	93.3	60	180	120	3.06e-40	125
OGP2P000000000109	OGP2P000000000058	42.4	118	180	120	1.53e-23	82.8
OGP2P000000000109	OGP2P000000000014	33.7	166	180	180	2.08e-20	76.3
OGP2P000000000109	OGP2P000000000181	42.6	54	180	180	1.20e-07	41.6
OGP2P000000000109	OGP2P000000000059	32.7	52	180	120	1.13e-04	32.3
OGP2P000000000110	OGP2P000000000110	100	180	180	180	2.54e-145	393
OGP2P000000000110	OGP2P000000000109	92.6	122	180	180	2.57e-88	249
OGP2P000000000110	OGP2P000000000184	100	60	180	120	6.64e-42	129
OGP2P000000000110	OGP2P000000000093	98.4	61	180	180	2.74e-41	130
OGP2P000000000110	OGP2P000000000036	100	60	180	180	3.88e-41	129
OGP2P000000000110	OGP2P000000000164	100	60	180	180	3.88e-41	129
OGP2P000000000110	OGP2P000000000160	59.3	118	180	120	7.61e-41	127
OGP2P000000000110	OGP2P000000000161	58.5	118	180	120	2.16e-40	125
OGP2P000000000110	OGP2P000000000058	42.4	118	180	120	6.03e-23	81.3
OGP2P000000000110	OGP2P000000000057	39.8	113	180	120	1.83e-17	67.0
OGP2P000000000110	OGP2P000000000015	31.7	63	180	120	4.45e-05	33.5
OGP2P000000000110	OGP2P000000000016	31.7	63	180	120	1.13e-04	32.3
OGP2P000000000111	OGP2P000000000111	100	120	120	120	7.71e-102	278
OGP2P000000000111	OGP2P000000000059	44.7	114	120	120	6.40e-27	89.4
OGP2P000000000112	OGP2P000000000112	100	120	120	120	1.33e-102	280
OGP2P000000000112	OGP2P000000000162	58.0	119	120	120	1.39e-45	136
OGP2P000000000112	OGP2P000000000163	54.6	119	120	120	1.24e-41	126
OGP2P000000000112	OGP2P000000000060	43.7	119	120	120	1.04e-25	86.3
OGP2P000000000112	OGP2P000000000015	45.4	119	120	120	3.35e-24	82.4
OGP2P000000000112	OGP2P000000000016	43.2	118	120	120	1.22e-21	75.9
OGP2P000000000113	OGP2P000000000113	100	120	120	120	1.69e-96	265
OGP2P000000000113	OGP2P000000000114	95.8	120	120	120	3.70e-91	251
OGP2P000000000113	OGP2P000000000062	43.7	119	120	120	4.52e-27	89.7
OGP2P000000000113	OGP2P000000000017	42.9	119	120	120	4.16e-25	84.7
OGP2P000000000113	OGP2P000000000063	40.3	119	120	120	9.49e-24	81.3
OGP2P000000000113	OGP2P000000000164	40.3	119	120	180	2.68e-20	73.9
OGP2P000000000113	OGP2P000000000061	40.4	94	120	120	4.30e-16	61.6
OGP2P000000000113	OGP2P000000000042	50.0	56	120	180	2.10e-13	55.8
OGP2P000000000114	OGP2P000000000114	100	120	120	120	1.45e-97	268
OGP2P000000000114	OGP2P000000000113	95.8	120	120	120	9.09e-92	253
OGP2P000000000114	OGP2P000000000062	42.9	119	120	120	5.16e-26	87.0
OGP2P000000000114	OGP2P000000000017	42.0	119	120	120	1.34e-23	80.9
OGP2P000000000114	OGP2P000000000063	39.5	119	120	120	1.08e-22	78.6
OGP2P000000000114	OGP2P000000000164	40.3	119	120	180	1.91e-20	74.3
OGP2P000000000114	OGP2P000000000061	38.1	97	120	120	1.87e-14	57.4
OGP2P000000000114	OGP2P000000000042	48.2	56	120	180	3.00e-12	52.8
OGP2P000000000115	OGP2P000000000115	100	120	120	120	2.92e-97	267
OGP2P000000000115	OGP2P000000000011	100	60	120	180	1.18e-44	136
OGP2P000000000115	OGP2P000000000165	58.8	119	120	120	6.52e-44	132
OGP2P000000000115	OGP2P000000000118	58.1	62	120	180	4.42e-18	68.2
OGP2P000000000115	OGP2P000000000030	58.3	60	120	180	6.20e-18	67.8
OGP2P000000000116	OGP2P000000000116	100	120	120	120	2.59e-100	275
OGP2P000000000116	OGP2P000000000117	95.7	117	120	180	5.62e-90	251
OGP2P000000000116	OGP2P000000000166	67.2	119	120	120	3.56e-55	160
OGP2P000000000116	OGP2P000000000167	64.7	119	120	180	3.56e-51	152
OGP2P000000000116	OGP2P000000000018	45.8	118	120	120	2.57e-26	87.8
OGP2P000000000116	OGP2P000000000019	45.8	118	120	120	2.94e-25	85.1
OGP2P000000000116	OGP2P000000000040	67.3	55	120	180	4.86e-21	75.9
OGP2P000000000117	OGP2P000000000117	100	180	180	180	4.05e-151	408
OGP2P000000000117	OGP2P000000000116	95.0	119	180	120	8.43e-90	251
OGP2P000000000117	OGP2P000000000159	91.2	68	180	120	4.69e-47	142
OGP2P000000000117	OGP2P000000000166	62.2	119	180	120	3.81e-46	140
OGP2P000000000117	OGP2P000000000167	59.7	119	180	180	3.42e-42	132
OGP2P000000000117	OGP2P000000000105	62.7	67	180	120	6.92e-25	86.3
OGP2P000000000117	OGP2P000000000018	43.2	118	180	120	2.03e-20	74.7
OGP2P000000000117	OGP2P000000000040	65.5	55	180	180	2.30e-18	70.9
OGP2P000000000118	OGP2P000000000118	100	180	180	180	1.86e-147	399
OGP2P000000000118	OGP2P000000000165	89.9	69	180	120	1.54e-45	139
OGP2P000000000118	OGP2P000000000030	100	60	180	180	1.06e-43	136
OGP2P000000000118	OGP2P000000000064	38.3	120	180	120	7.29e-21	75.9
OGP2P000000000118	OGP2P000000000119	39.5	119	180	120	2.21e-19	72.0
OGP2P000000000118	OGP2P000000000011	47.0	83	180	180	1.71e-17	68.6
OGP2P000000000118	OGP2P000000000115	55.2	67	180	120	5.06e-17	65.9
OGP2P000000000118	OGP2P000000000168	37.5	120	180	180	9.08e-17	66.6
OGP2P000000000118	OGP2P000000000065	35.0	120	180	180	1.30e-14	60.8
OGP2P000000000118	OGP2P000000000066	35.3	102	180	180	1.80e-13	57.8
OGP2P000000000119	OGP2P000000000119	100	120	120	120	8.37e-97	266
OGP2P000000000119	OGP2P000000000120	90.8	120	120	120	5.48e-84	233
OGP2P000000000119	OGP2P000000000168	62.2	119	120	180	1.10e-47	144
OGP2P000000000119	OGP2P000000000188	96.8	62	120	180	2.92e-45	137
OGP2P000000000119	OGP2P000000000118	39.5	119	120	180	8.08e-19	70.1
OGP2P000000000120	OGP2P000000000120	100	120	120	120	6.89e-96	263
OGP2P000000000120	OGP2P000000000119	90.8	120	120	120	2.32e-85	237
OGP2P000000000120	OGP2P000000000168	56.3	119	120	180	6.27e-42	129
OGP2P000000000120	OGP2P000000000188	87.1	62	120	180	1.65e-39	123
OGP2P000000000120	OGP2P000000000066	34.5	119	120	180	9.87e-16	62.0
OGP2P000000000121	OGP2P000000000121	100	120	120	120	4.67e-94	259
OGP2P000000000121	OGP2P000000000122	94.2	120	120	120	4.88e-87	241
OGP2P000000000121	OGP2P000000000169	69.5	118	120	120	8.37e-54	157
OGP2P000000000121	OGP2P000000000170	64.4	118	120	120	2.94e-47	140
OGP2P000000000122	OGP2P000000000122	100	120	120	120	1.34e-93	258
OGP2P000000000122	OGP2P000000000121	94.2	120	120	120	2.82e-86	239
OGP2P000000000122	OGP2P000000000169	67.5	117	120	120	3.09e-49	145
OGP2P000000000122	OGP2P000000000170	62.4	117	120	120	1.07e-42	129
OGP2P000000000123	OGP2P000000000123	100	180	180	180	1.53e-146	396
OGP2P000000000123	OGP2P000000000107	100	60	180	180	3.74e-44	137
OGP2P000000000123	OGP2P000000000137	100	60	180	120	2.03e-43	133
OGP2P000000000123	OGP2P000000000185	69.2	65	180	180	1.85e-26	92.0
OGP2P000000000123	OGP2P000000000067	38.5	117	180	120	1.21e-18	70.1
OGP2P000000000123	OGP2P000000000068	37.7	114	180	120	3.84e-16	63.5
OGP2P000000000123	OGP2P000000000085	51.7	58	180	120	1.16e-08	43.5
OGP2P000000000123	OGP2P000000000124	54.8	42	180	180	4.03e-05	34.3
OGP2P000000000124	OGP2P000000000124	100	180	180	180	7.29e-145	392
OGP2P000000000124	OGP2P000000000125	95.0	120	180	120	6.34e-85	238
OGP2P000000000124	OGP2P000000000174	100	60	180	120	4.69e-47	142
OGP2P000000000124	OGP2P000000000173	96.7	60	180	120	6.21e-45	137
OGP2P000000000124	OGP2P000000000175	59.8	117	180	120	2.88e-43	133
OGP2P000000000124	OGP2P000000000148	100	60	180	180	6.85e-42	131
OGP2P000000000124	OGP2P000000000023	44.2	113	180	120	1.03e-20	75.5
OGP2P000000000124	OGP2P000000000032	62.3	61	180	180	1.49e-20	76.6
OGP2P000000000124	OGP2P000000000022	44.2	113	180	180	2.08e-20	76.3
OGP2P000000000124	OGP2P000000000070	42.6	108	180	120	2.21e-19	72.0
OGP2P000000000124	OGP2P000000000071	41.1	107	180	120	1.70e-18	69.7
OGP2P000000000124	OGP2P000000000067	38.5	104	180	120	3.05e-08	42.4
OGP2P000000000124	OGP2P000000000069	43.9	57	180	120	4.20e-08	42.0
OGP2P000000000124	OGP2P000000000068	37.5	104	180	120	7.99e-08	41.2
OGP2P000000000125	OGP2P000000000125	100	120	120	120	9.09e-92	253
OGP2P000000000125	OGP2P000000000124	95.0	120	120	180	1.72e-84	237
OGP2P000000000125	OGP2P000000000148	96.7	60	120	180	5.07e-41	127
OGP2P000000000125	OGP2P000000000175	56.9	116	120	120	1.44e-40	124
OGP2P000000000125	OGP2P000000000023	43.9	114	120	120	2.15e-22	77.8
OGP2P000000000125	OGP2P000000000022	43.9	114	120	180	4.43e-22	78.6
OGP2P000000000125	OGP2P000000000032	62.3	61	120	180	1.24e-21	77.4
OGP2P000000000126	OGP2P000000000126	100	120	120	120	1.82e-100	275
OGP2P000000000126	OGP2P000000000127	95.8	120	120	120	1.69e-96	265
OGP2P000000000126	OGP2P000000000024	45.5	110	120	120	2.36e-24	82.8
OGP2P000000000126	OGP2P000000000067	33.7	86	120	120	2.53e-10	46.6
OGP2P000000000127	OGP2P000000000127	100	120	120	120	5.23e-100	274
OGP2P000000000127	OGP2P000000000126	95.8	120	120	120	6.89e-96	263
OGP2P000000000127	OGP2P000000000024	43.5	108	120	120	4.87e-21	74.3
OGP2P000000000127	OGP2P000000000067	30.4	102	120	120	1.97e-08	41.6
OGP2P000000000128	OGP2P000000000128	100	120	120	120	1.76e-98	270
OGP2P000000000128	OGP2P000000000129	97.5	120	120	120	1.98e-95	262
OGP2P000000000128	OGP2P000000000029	36.8	114	120	120	1.09e-16	63.2
OGP2P000000000128	OGP2P000000000028	36.1	119	120	120	1.70e-15	60.1
OGP2P000000000128	OGP2P000000000026	40.5	111	120	180	2.93e-13	55.5
OGP2P000000000128	OGP2P000000000027	39.6	111	120	120	1.12e-12	52.8
OGP2P000000000128	OGP2P000000000176	35.6	118	120	120	1.70e-11	49.7
OGP2P000000000128	OGP2P000000000150	47.2	53	120	180	3.86e-08	41.6
OGP2P000000000128	OGP2P000000000180	47.2	53	120	180	3.86e-08	41.6
OGP2P000000000129	OGP2P000000000129	100	120	120	120	7.43e-100	273
OGP2P000000000129	OGP2P000000000128	97.5	120	120	120	4.85e-96	264
OGP2P000000000129	OGP2P000000000029	37.0	108	120	120	3.87e-17	64.3
OGP2P000000000129	OGP2P000000000028	36.1	119	120	120	6.06e-16	61.2
OGP2P000000000129	OGP2P000000000026	41.4	111	120	180	5.30e-15	60.1
OGP2P000000000129	OGP2P000000000027	40.5	111	120	120	2.63e-14	57.0
OGP2P000000000129	OGP2P000000000176	34.5	119	120	120	1.29e-10	47.4
OGP2P000000000129	OGP2P000000000150	47.2	53	120	180	2.03e-08	42.4
OGP2P000000000129	OGP2P000000000180	47.2	53	120	180	2.03e-08	42.4
OGP2P000000000130	OGP2P000000000130	100	180	180	180	4.55e-157	423
OGP2P000000000130	OGP2P000000000131	96.7	120	180	180	6.97e-93	261
OGP2P000000000130	OGP2P000000000182	100	60	180	180	2.95e-51	155
OGP2P000000000130	OGP2P000000000181	95.0	60	180	180	6.27e-48	147
OGP2P000000000130	OGP2P000000000098	93.4	61	180	180	2.74e-41	130
OGP2P000000000130	OGP2P000000000078	48.7	117	180	120	7.83e-30	99.0
OGP2P000000000130	OGP2P000000000079	47.0	117	180	120	7.01e-28	94.0
OGP2P000000000130	OGP2P000000000080	42.1	114	180	120	3.11e-19	71.6
OGP2P000000000130	OGP2P000000000022	43.7	87	180	180	6.03e-19	72.4
OGP2P000000000130	OGP2P000000000033	52.4	63	180	120	1.70e-18	69.7
OGP2P000000000130	OGP2P000000000034	49.2	63	180	120	1.70e-18	69.7
OGP2P000000000130	OGP2P000000000081	40.2	107	180	120	2.90e-15	61.2
OGP2P000000000130	OGP2P000000000083	47.5	59	180	120	1.62e-13	56.6
OGP2P000000000130	OGP2P000000000082	37.8	111	180	180	3.46e-13	57.0
OGP2P000000000130	OGP2P000000000099	40.7	54	180	180	2.61e-06	37.7
OGP2P000000000131	OGP2P000000000131	100	180	180	180	4.39e-146	395
OGP2P000000000131	OGP2P000000000130	96.7	120	180	180	4.91e-93	261
OGP2P000000000131	OGP2P000000000098	98.4	61	180	180	2.64e-44	137
OGP2P000000000131	OGP2P000000000076	92.4	66	180	120	3.31e-42	130
OGP2P000000000131	OGP2P000000000077	76.4	72	180	120	2.96e-35	112
OGP2P000000000131	OGP2P000000000078	47.8	113	180	120	5.56e-27	91.7
OGP2P000000000131	OGP2P000000000079	46.0	113	180	120	4.91e-25	86.7
OGP2P000000000131	OGP2P000000000152	69.0	58	180	180	1.40e-21	79.3
OGP2P000000000131	OGP2P000000000031	70.9	55	180	120	3.68e-21	76.6
OGP2P000000000131	OGP2P000000000032	67.2	58	180	180	7.56e-21	77.4
OGP2P000000000131	OGP2P000000000051	67.2	58	180	180	7.56e-21	77.4
OGP2P000000000131	OGP2P000000000080	41.2	114	180	120	2.39e-18	69.3
OGP2P000000000131	OGP2P000000000081	39.3	107	180	120	2.18e-14	58.9
OGP2P000000000131	OGP2P000000000082	36.8	117	180	180	9.19e-13	55.8
OGP2P000000000131	OGP2P000000000083	28.8	111	180	120	9.31e-06	35.4
OGP2P000000000131	OGP2P000000000099	42.9	49	180	180	1.20e-05	35.8
OGP2P000000000132	OGP2P000000000132	100	120	120	120	3.03e-99	272
OGP2P000000000132	OGP2P000000000079	40.9	110	120	120	4.87e-21	74.3
OGP2P000000000132	OGP2P000000000134	34.5	113	120	120	1.12e-12	52.8
OGP2P000000000132	OGP2P000000000133	35.3	116	120	120	1.58e-12	52.4
OGP2P000000000132	OGP2P000000000181	38.7	75	120	180	1.53e-09	45.4
OGP2P000000000132	OGP2P000000000182	39.4	66	120	180	5.32e-08	41.2
OGP2P000000000133	OGP2P000000000133	100	120	120	120	7.43e-100	273
OGP2P000000000133	OGP2P000000000134	95.0	120	120	120	1.83e-91	252
OGP2P000000000133	OGP2P000000000179	65.8	120	120	120	7.52e-57	165
OGP2P000000000133	OGP2P000000000180	63.3	120	120	180	3.08e-52	155
OGP2P000000000133	OGP2P000000000149	93.3	60	120	180	2.34e-39	122
OGP2P000000000133	OGP2P000000000082	48.3	118	120	180	8.30e-29	95.9
OGP2P000000000133	OGP2P000000000078	40.5	111	120	120	2.63e-14	57.0
OGP2P000000000133	OGP2P000000000132	35.7	115	120	120	1.29e-10	47.4
OGP2P000000000133	OGP2P000000000079	39.4	109	120	120	4.96e-10	45.8
OGP2P000000000134	OGP2P000000000134	100	120	120	120	1.28e-100	275
OGP2P000000000134	OGP2P000000000133	95.0	120	120	120	3.17e-92	254
OGP2P000000000134	OGP2P000000000179	63.3	120	120	120	6.17e-56	162
OGP2P000000000134	OGP2P000000000180	60.8	120	120	180	2.51e-51	153
OGP2P000000000134	OGP2P000000000149	100	60	120	180	5.10e-46	139
OGP2P000000000134	OGP2P000000000078	40.5	111	120	120	2.16e-16	62.4
OGP2P000000000134	OGP2P000000000079	39.6	106	120	120	2.21e-12	52.0
OGP2P000000000134	OGP2P000000000132	34.8	112	120	120	1.70e-11	49.7
OGP2P000000000135	OGP2P000000000135	100	120	120	120	1.76e-98	270
OGP2P000000000135	OGP2P000000000136	91.7	120	120	120	1.45e-88	245
OGP2P000000000135	OGP2P000000000035	47.9	119	120	120	1.60e-32	103
OGP2P000000000135	OGP2P000000000183	50.0	102	120	120	1.04e-25	86.3
OGP2P000000000135	OGP2P000000000037	44.9	118	120	120	2.36e-24	82.8
OGP2P000000000135	OGP2P000000000084	41.6	113	120	120	9.49e-24	81.3
OGP2P000000000135	OGP2P000000000038	53.8	78	120	120	2.15e-22	77.8
OGP2P000000000135	OGP2P000000000184	35.6	118	120	120	3.11e-12	51.6
OGP2P000000000136	OGP2P000000000136	100	120	120	120	7.71e-102	278
OGP2P000000000136	OGP2P000000000135	91.7	120	120	120	3.57e-89	246
OGP2P000000000136	OGP2P000000000035	45.1	113	120	120	6.92e-29	94.4
OGP2P000000000136	OGP2P000000000183	49.0	102	120	120	9.06e-27	89.0
OGP2P000000000136	OGP2P000000000036	43.4	113	120	180	4.61e-25	86.3
OGP2P000000000136	OGP2P000000000037	52.5	80	120	120	1.90e-23	80.5
OGP2P000000000136	OGP2P000000000038	51.3	78	120	120	3.05e-22	77.4
OGP2P000000000136	OGP2P000000000084	38.9	113	120	120	4.31e-22	77.0
OGP2P000000000136	OGP2P000000000184	31.4	118	120	120	2.66e-09	43.9
OGP2P000000000137	OGP2P000000000137	100	120	120	120	3.14e-101	277
OGP2P000000000137	OGP2P000000000185	78.8	118	120	180	1.44e-69	199
OGP2P000000000137	OGP2P000000000123	58.7	121	120	180	2.37e-44	135
OGP2P000000000137	OGP2P000000000085	55.2	116	120	120	1.57e-37	116
OGP2P000000000138	OGP2P000000000138	100	120	120	120	1.91e-93	257
OGP2P000000000138	OGP2P000000000139	93.3	120	120	120	1.15e-85	238
OGP2P000000000138	OGP2P000000000140	33.3	96	120	120	8.61e-12	50.4
OGP2P000000000138	OGP2P000000000087	44.3	79	120	120	3.34e-11	48.9
OGP2P000000000138	OGP2P000000000141	34.4	93	120	120	4.68e-11	48.5
OGP2P000000000138	OGP2P000000000086	43.0	79	120	120	4.96e-10	45.8
OGP2P000000000138	OGP2P000000000040	36.2	116	120	180	7.98e-10	46.2
OGP2P000000000138	OGP2P000000000041	33.3	81	120	120	1.04e-06	37.0
OGP2P000000000139	OGP2P000000000139	100	120	120	120	6.39e-92	253
OGP2P000000000139	OGP2P000000000138	93.3	120	120	120	5.70e-86	238
OGP2P000000000139	OGP2P000000000087	36.2	116	120	120	3.34e-11	48.9
OGP2P000000000139	OGP2P000000000140	32.3	96	120	120	1.29e-10	47.4
OGP2P000000000139	OGP2P000000000086	41.8	79	120	120	1.90e-09	44.3
OGP2P000000000139	OGP2P000000000141	34.1	82	120	120	2.66e-09	43.9
OGP2P000000000140	OGP2P000000000140	100	120	120	120	2.31e-94	259
OGP2P000000000140	OGP2P000000000141	95.8	120	120	120	5.07e-89	246
OGP2P000000000140	OGP2P000000000088	43.1	116	120	120	2.75e-20	72.4
OGP2P000000000140	OGP2P000000000138	36.6	82	120	120	1.70e-11	49.7
OGP2P000000000140	OGP2P000000000139	35.4	82	120	120	9.20e-11	47.8
OGP2P000000000141	OGP2P000000000141	100	120	120	120	2.81e-95	262
OGP2P000000000141	OGP2P000000000140	95.8	120	120	120	2.51e-89	247
OGP2P000000000141	OGP2P000000000088	42.2	116	120	120	8.72e-19	68.6
OGP2P000000000141	OGP2P000000000041	44.3	70	120	120	7.98e-13	53.1
OGP2P000000000141	OGP2P000000000138	36.6	82	120	120	2.38e-11	49.3
OGP2P000000000141	OGP2P000000000139	34.1	82	120	120	4.96e-10	45.8
OGP2P000000000142	OGP2P000000000142	100	180	180	180	8.50e-153	412
OGP2P000000000142	OGP2P000000000143	90.8	120	180	120	1.10e-85	240
OGP2P000000000142	OGP2P000000000004	89.7	68	180	120	8.19e-48	144
OGP2P000000000142	OGP2P000000000187	60.8	120	180	120	8.19e-48	144
OGP2P000000000142	OGP2P000000000005	88.2	68	180	120	6.65e-47	142
OGP2P000000000142	OGP2P000000000014	100	60	180	180	1.32e-44	138
OGP2P000000000142	OGP2P000000000188	48.7	152	180	180	8.80e-40	126
OGP2P000000000142	OGP2P000000000066	90.0	60	180	180	4.49e-37	119
OGP2P000000000142	OGP2P000000000089	43.4	122	180	120	4.40e-26	89.4
OGP2P000000000142	OGP2P000000000042	43.3	120	180	180	1.06e-20	77.0
OGP2P000000000142	OGP2P000000000043	42.5	120	180	120	1.44e-20	75.1
OGP2P000000000143	OGP2P000000000143	100	120	120	120	5.23e-100	274
OGP2P000000000143	OGP2P000000000142	90.8	120	120	180	4.42e-87	243
OGP2P000000000143	OGP2P000000000066	77.4	84	120	180	2.06e-45	138
OGP2P000000000143	OGP2P000000000187	55.0	120	120	120	1.77e-41	126
OGP2P000000000143	OGP2P000000000014	90.0	60	120	180	3.78e-38	119
OGP2P000000000143	OGP2P000000000188	50.0	120	120	180	3.61e-33	107
OGP2P000000000143	OGP2P000000000089	40.3	119	120	120	1.67e-24	83.2
OGP2P000000000143	OGP2P000000000043	37.5	120	120	120	6.69e-15	58.5
OGP2P000000000143	OGP2P000000000042	37.5	120	120	180	1.04e-14	59.3
OGP2P000000000144	OGP2P000000000144	100	120	120	120	9.80e-96	263
OGP2P000000000144	OGP2P000000000168	100	60	120	180	2.92e-45	137
OGP2P000000000144	OGP2P000000000044	50.9	108	120	180	1.04e-29	98.2
OGP2P000000000144	OGP2P000000000045	45.3	106	120	120	3.80e-23	79.7
OGP2P000000000144	OGP2P000000000090	40.5	116	120	120	1.72e-21	75.5
OGP2P000000000144	OGP2P000000000000	47.6	105	120	180	9.62e-21	75.1
OGP2P000000000144	OGP2P000000000001	43.8	105	120	120	3.09e-19	69.7
OGP2P000000000144	OGP2P000000000145	37.6	109	120	120	1.87e-14	57.4
OGP2P000000000144	OGP2P000000000146	37.1	97	120	120	3.11e-12	51.6
OGP2P000000000144	OGP2P000000000091	36.0	111	120	120	6.57e-11	48.1
OGP2P000000000144	OGP2P000000000092	35.4	96	120	120	3.55e-10	46.2
OGP2P000000000144	OGP2P000000000048	34.4	93	120	120	1.44e-07	39.3
OGP2P000000000145	OGP2P000000000145	100	120	120	120	1.02e-97	268
OGP2P000000000145	OGP2P000000000146	90.8	120	120	120	7.79e-84	233
OGP2P000000000145	OGP2P000000000091	66.4	116	120	120	6.54e-51	150
OGP2P000000000145	OGP2P000000000092	64.7	116	120	120	1.25e-48	144
OGP2P000000000145	OGP2P000000000002	49.6	119	120	180	1.85e-30	100
OGP2P000000000145	OGP2P000000000003	46.2	119	120	120	1.28e-26	88.6
OGP2P000000000145	OGP2P000000000048	42.0	119	120	120	6.10e-22	76.6
OGP2P000000000145	OGP2P000000000144	37.6	109	120	120	2.63e-14	57.0
OGP2P000000000145	OGP2P000000000044	31.2	109	120	180	1.01e-07	40.4
OGP2P000000000145	OGP2P000000000168	40.7	54	120	180	4.97e-07	38.5
OGP2P000000000146	OGP2P000000000146	100	120	120	120	3.03e-99	272
OGP2P000000000146	OGP2P000000000145	91.6	119	120	120	1.64e-85	237
OGP2P000000000146	OGP2P000000000091	62.2	119	120	120	1.39e-45	136
OGP2P000000000146	OGP2P000000000092	60.5	119	120	120	3.24e-44	133
OGP2P000000000146	OGP2P000000000002	49.1	108	120	180	2.34e-28	94.7
OGP2P000000000146	OGP2P000000000003	46.3	108	120	120	2.08e-25	85.5
OGP2P000000000146	OGP2P000000000144	37.0	100	120	120	5.68e-13	53.5
OGP2P000000000146	OGP2P000000000168	51.4	35	120	180	4.53e-06	35.8
OGP2P000000000146	OGP2P000000000044	51.4	35	120	180	1.16e-05	34.7
OGP2P000000000146	OGP2P000000000045	48.6	35	120	120	1.35e-04	31.2
OGP2P000000000147	OGP2P000000000147	100	120	120	120	1.10e-101	278
OGP2P000000000147	OGP2P000000000148	95.0	119	120	180	2.49e-93	259
OGP2P000000000147	OGP2P000000000094	61.4	114	120	120	2.28e-51	151
OGP2P000000000147	OGP2P000000000093	40.9	88	120	180	2.24e-18	68.9
OGP2P000000000147	OGP2P000000000049	32.5	83	120	120	3.89e-07	38.1
OGP2P000000000147	OGP2P000000000006	34.5	55	120	120	1.02e-05	34.3
OGP2P000000000147	OGP2P000000000007	32.8	64	120	120	3.53e-04	30.0
OGP2P000000000148	OGP2P000000000148	100	180	180	180	6.48e-148	400
OGP2P000000000148	OGP2P000000000147	95.0	119	180	120	1.07e-92	258
OGP2P000000000148	OGP2P000000000094	58.6	111	180	120	3.09e-45	138
OGP2P000000000148	OGP2P000000000124	100	60	180	180	9.69e-42	131
OGP2P000000000148	OGP2P000000000125	96.7	60	180	120	2.16e-40	125
OGP2P000000000148	OGP2P000000000175	60.0	65	180	120	2.03e-20	74.7
OGP2P000000000148	OGP2P000000000032	63.8	58	180	180	1.57e-19	73.9
OGP2P000000000148	OGP2P000000000006	36.0	50	180	120	1.27e-05	35.0
OGP2P000000000148	OGP2P000000000049	33.9	62	180	120	1.55e-04	32.0
OGP2P000000000149	OGP2P000000000149	100	180	180	180	1.41e-151	409
OGP2P000000000149	OGP2P000000000096	67.2	119	180	120	1.05e-55	164
OGP2P000000000149	OGP2P000000000134	64.2	109	180	120	5.40e-46	140
OGP2P000000000149	OGP2P000000000133	60.6	109	180	120	4.34e-40	125
OGP2P000000000149	OGP2P000000000008	48.3	120	180	120	9.89e-28	93.6
OGP2P000000000149	OGP2P000000000179	63.3	60	180	120	6.03e-23	81.3
OGP2P000000000149	OGP2P000000000180	60.0	60	180	180	5.72e-20	75.1
OGP2P000000000149	OGP2P000000000050	42.1	114	180	120	2.39e-18	69.3
OGP2P000000000149	OGP2P000000000078	38.3	60	180	120	2.64e-06	37.0
OGP2P000000000149	OGP2P000000000079	36.7	60	180	120	6.08e-05	33.1
OGP2P000000000150	OGP2P000000000150	100	180	180	180	2.53e-154	416
OGP2P000000000150	OGP2P000000000151	94.2	120	180	120	6.19e-92	256
OGP2P000000000150	OGP2P000000000027	100	60	180	120	2.87e-48	145
OGP2P000000000150	OGP2P000000000180	100	60	180	180	1.78e-47	145
OGP2P000000000150	OGP2P000000000097	58.8	114	180	120	5.40e-46	140
OGP2P000000000150	OGP2P000000000026	91.7	60	180	180	6.03e-43	134
OGP2P000000000150	OGP2P000000000009	46.7	120	180	120	2.17e-32	105
OGP2P000000000150	OGP2P000000000101	37.5	112	180	180	9.37e-15	61.2
OGP2P000000000150	OGP2P000000000102	36.6	112	180	120	1.16e-13	57.0
OGP2P000000000150	OGP2P000000000002	56.5	46	180	180	9.19e-13	55.8
OGP2P000000000150	OGP2P000000000052	32.7	104	180	120	1.21e-11	51.6
OGP2P000000000150	OGP2P000000000128	47.2	53	180	120	3.05e-08	42.4
OGP2P000000000150	OGP2P000000000129	47.2	53	180	120	5.80e-08	41.6
OGP2P000000000150	OGP2P000000000029	30.6	98	180	120	5.42e-07	38.9
OGP2P000000000150	OGP2P000000000028	33.0	97	180	120	1.02e-06	38.1
OGP2P000000000151	OGP2P000000000151	100	120	120	120	1.28e-100	275
OGP2P000000000151	OGP2P000000000150	94.2	120	120	180	1.44e-92	257
OGP2P000000000151	OGP2P000000000097	57.1	112	120	120	6.52e-44	132
OGP2P000000000151	OGP2P000000000009	44.2	120	120	120	3.00e-30	97.8
OGP2P000000000151	OGP2P000000000101	36.4	118	120	180	2.03e-14	58.5
OGP2P000000000151	OGP2P000000000002	56.8	44	120	180	4.09e-13	55.1
OGP2P000000000151	OGP2P000000000102	34.7	118	120	120	5.68e-13	53.5
OGP2P000000000151	OGP2P000000000099	32.7	98	120	180	4.53e-06	35.8
OGP2P000000000151	OGP2P000000000100	29.4	102	120	120	5.16e-05	32.3
OGP2P000000000152	OGP2P000000000152	100	180	180	180	1.53e-155	419
OGP2P000000000152	OGP2P000000000153	94.1	119	180	120	7.87e-95	263
OGP2P000000000152	OGP2P000000000098	66.1	115	180	180	1.70e-55	166
OGP2P000000000152	OGP2P000000000031	100	56	180	120	3.06e-40	125
OGP2P000000000152	OGP2P000000000032	64.1	92	180	180	3.52e-39	124
OGP2P000000000152	OGP2P000000000051	85.9	64	180	180	3.52e-39	124
OGP2P000000000152	OGP2P000000000076	69.0	58	180	120	2.38e-22	79.7
OGP2P000000000152	OGP2P000000000131	69.0	58	180	180	9.95e-22	79.7
OGP2P000000000152	OGP2P000000000009	44.3	88	180	120	1.83e-17	67.0
OGP2P000000000152	OGP2P000000000077	58.6	58	180	120	7.10e-17	65.5
OGP2P000000000152	OGP2P000000000044	61.8	55	180	180	3.43e-16	65.1
OGP2P000000000152	OGP2P000000000097	34.8	112	180	120	7.55e-16	62.8
OGP2P000000000153	OGP2P000000000153	100	120	120	120	8.30e-106	288
OGP2P000000000153	OGP2P000000000152	94.1	119	120	180	2.23e-96	267
OGP2P000000000153	OGP2P000000000098	60.0	115	120	180	8.26e-50	149
OGP2P000000000153	OGP2P000000000097	33.3	108	120	120	9.42e-15	58.2
OGP2P000000000153	OGP2P000000000009	41.0	83	120	120	2.63e-14	57.0
OGP2P000000000153	OGP2P000000000044	52.7	55	120	180	2.93e-13	55.5
OGP2P000000000154	OGP2P000000000154	100	120	120	120	1.18e-105	288
OGP2P000000000154	OGP2P000000000155	92.4	119	120	120	1.91e-93	257
OGP2P000000000154	OGP2P000000000099	68.9	119	120	180	1.82e-58	171
OGP2P000000000154	OGP2P000000000100	63.0	119	120	120	1.87e-50	149
OGP2P000000000154	OGP2P000000000108	100	60	120	180	1.67e-44	135
OGP2P000000000154	OGP2P000000000097	29.9	97	120	120	7.41e-06	34.7
OGP2P000000000155	OGP2P000000000155	100	120	120	120	2.30e-103	282
OGP2P000000000155	OGP2P000000000154	92.4	119	120	120	9.44e-94	258
OGP2P000000000155	OGP2P000000000099	63.9	119	120	180	1.08e-52	156
OGP2P000000000155	OGP2P000000000100	58.0	119	120	120	1.13e-44	134
OGP2P000000000155	OGP2P000000000108	89.8	59	120	180	2.15e-37	117
OGP2P000000000155	OGP2P000000000097	28.1	96	120	120	5.16e-05	32.3
OGP2P000000000156	OGP2P000000000156	100	120	120	120	8.37e-97	266
OGP2P000000000156	OGP2P000000000157	96.7	120	120	120	2.23e-92	254
OGP2P000000000156	OGP2P000000000101	64.3	115	120	180	3.13e-47	142
OGP2P000000000156	OGP2P000000000102	60.9	115	120	120	3.76e-43	130
OGP2P000000000156	OGP2P000000000052	44.7	114	120	120	2.08e-25	85.5
OGP2P000000000156	OGP2P000000000182	66.1	56	120	180	1.22e-17	67.0
OGP2P000000000157	OGP2P000000000157	100	120	120	120	2.05e-97	267
OGP2P000000000157	OGP2P000000000156	96.7	120	120	120	1.10e-92	255
OGP2P000000000157	OGP2P000000000101	62.6	115	120	180	5.10e-46	139
OGP2P000000000157	OGP2P000000000102	59.1	115	120	120	6.18e-42	127
OGP2P000000000157	OGP2P000000000182	64.3	56	120	180	1.30e-16	64.3
OGP2P000000000158	OGP2P000000000158	100	120	120	120	5.04e-98	269
OGP2P000000000158	OGP2P000000000103	69.2	120	120	120	7.52e-57	165
OGP2P000000000158	OGP2P000000000104	68.7	115	120	180	3.78e-53	157
OGP2P000000000158	OGP2P000000000053	46.5	114	120	180	7.39e-27	90.9
OGP2P000000000159	OGP2P000000000159	100	120	120	120	1.82e-100	275
OGP2P000000000159	OGP2P000000000105	69.7	119	120	120	5.30e-57	165
OGP2P000000000159	OGP2P000000000117	91.2	68	120	180	3.13e-47	142
OGP2P000000000159	OGP2P000000000055	41.0	117	120	120	1.52e-22	78.2
OGP2P000000000159	OGP2P000000000056	39.3	117	120	120	6.89e-21	73.9
OGP2P000000000160	OGP2P000000000160	100	120	120	120	1.76e-98	270
OGP2P000000000160	OGP2P000000000161	95.0	120	120	120	5.26e-91	251
OGP2P000000000160	OGP2P000000000109	60.8	120	120	180	3.36e-44	135
OGP2P000000000160	OGP2P000000000110	58.3	120	120	180	2.53e-41	127
OGP2P000000000161	OGP2P000000000161	100	120	120	120	1.02e-97	268
OGP2P000000000161	OGP2P000000000160	95.0	120	120	120	3.70e-91	251
OGP2P000000000161	OGP2P000000000109	60.5	119	120	180	6.74e-44	134
OGP2P000000000161	OGP2P000000000110	58.5	118	120	180	5.07e-41	127
OGP2P000000000162	OGP2P000000000162	100	120	120	120	2.59e-100	275
OGP2P000000000162	OGP2P000000000163	91.7	120	120	120	1.24e-89	248
OGP2P000000000162	OGP2P000000000112	58.0	119	120	120	5.62e-45	135
OGP2P000000000162	OGP2P000000000015	42.5	120	120	120	1.90e-23	80.5
OGP2P000000000162	OGP2P000000000016	39.5	119	120	120	2.19e-19	70.1
OGP2P000000000162	OGP2P000000000058	32.9	73	120	120	1.97e-08	41.6
OGP2P000000000163	OGP2P000000000163	100	120	120	120	3.14e-101	277
OGP2P000000000163	OGP2P000000000162	91.7	120	120	120	6.16e-90	248
OGP2P000000000163	OGP2P000000000112	54.6	119	120	120	2.51e-41	125
OGP2P000000000163	OGP2P000000000015	39.2	120	120	120	1.23e-18	68.2
OGP2P000000000163	OGP2P000000000016	36.1	119	120	120	9.42e-15	58.2
OGP2P000000000163	OGP2P000000000058	28.8	73	120	120	9.82e-05	31.6
OGP2P000000000164	OGP2P000000000164	100	180	180	180	7.58e-147	397
OGP2P000000000164	OGP2P000000000184	95.2	63	180	120	2.33e-42	130
OGP2P000000000164	OGP2P000000000036	96.8	63	180	180	6.85e-42	131
OGP2P000000000164	OGP2P000000000093	100	60	180	180	5.49e-41	129
OGP2P000000000164	OGP2P000000000110	100	60	180	180	5.49e-41	129
OGP2P000000000164	OGP2P000000000113	40.3	119	180	120	1.86e-21	77.4
OGP2P000000000164	OGP2P000000000114	40.3	119	180	120	5.18e-21	76.3
OGP2P000000000164	OGP2P000000000061	38.7	119	180	120	7.95e-20	73.2
OGP2P000000000164	OGP2P000000000018	35.6	118	180	120	2.57e-17	66.6
OGP2P000000000164	OGP2P000000000019	34.7	118	180	120	3.84e-16	63.5
OGP2P000000000164	OGP2P000000000017	33.6	116	180	120	3.17e-09	45.1
OGP2P000000000164	OGP2P000000000042	40.5	42	180	180	1.82e-04	32.3
OGP2P000000000165	OGP2P000000000165	100	120	120	120	3.99e-95	261
OGP2P000000000165	OGP2P000000000118	89.9	69	120	180	7.23e-46	139
OGP2P000000000165	OGP2P000000000030	100	60	120	180	8.32e-45	136
OGP2P000000000165	OGP2P000000000115	58.8	119	120	120	1.52e-42	129
OGP2P000000000165	OGP2P000000000011	58.3	60	120	180	4.73e-17	65.5
OGP2P000000000166	OGP2P000000000166	100	120	120	120	1.19e-96	265
OGP2P000000000166	OGP2P000000000167	96.7	120	120	180	5.87e-92	256
OGP2P000000000166	OGP2P000000000116	67.2	119	120	120	2.92e-54	158
OGP2P000000000166	OGP2P000000000117	62.9	116	120	180	1.45e-45	138
OGP2P000000000166	OGP2P000000000040	96.6	59	120	180	8.88e-42	129
OGP2P000000000167	OGP2P000000000167	100	180	180	180	7.87e-149	402
OGP2P000000000167	OGP2P000000000166	96.7	120	180	120	1.52e-92	258
OGP2P000000000167	OGP2P000000000116	64.7	119	180	120	1.07e-50	152
OGP2P000000000167	OGP2P000000000020	81.5	81	180	120	3.31e-47	143
OGP2P000000000167	OGP2P000000000040	100	60	180	180	5.30e-44	137
OGP2P000000000167	OGP2P000000000117	49.7	153	180	180	8.53e-43	134
OGP2P000000000167	OGP2P000000000021	78.9	76	180	120	1.65e-42	131
OGP2P000000000167	OGP2P000000000026	62.5	104	180	180	2.74e-41	130
OGP2P000000000168	OGP2P000000000168	100	180	180	180	9.57e-150	404
OGP2P000000000168	OGP2P000000000119	62.2	119	180	120	2.87e-48	145
OGP2P000000000168	OGP2P000000000144	100	60	180	120	4.38e-45	137
OGP2P000000000168	OGP2P000000000120	56.3	119	180	120	3.79e-41	127
OGP2P000000000168	OGP2P000000000044	64.2	53	180	180	1.23e-17	68.9
OGP2P000000000168	OGP2P000000000118	37.5	120	180	180	9.08e-17	66.6
OGP2P000000000168	OGP2P000000000188	62.1	58	180	180	9.28e-16	63.9
OGP2P000000000168	OGP2P000000000045	65.2	46	180	120	2.90e-15	61.2
OGP2P000000000168	OGP2P000000000064	36.5	104	180	120	4.50e-12	52.8
OGP2P000000000168	OGP2P000000000000	58.8	51	180	180	1.23e-11	52.8
OGP2P000000000168	OGP2P000000000001	52.0	50	180	120	4.39e-09	44.7
OGP2P000000000168	OGP2P000000000092	40.3	77	180	120	8.39e-09	43.9
OGP2P000000000168	OGP2P000000000091	44.4	54	180	120	7.99e-08	41.2
OGP2P000000000168	OGP2P000000000169	35.2	71	180	120	1.02e-06	38.1
OGP2P000000000168	OGP2P000000000145	40.7	54	180	120	6.80e-06	35.8
OGP2P000000000168	OGP2P000000000048	34.7	75	180	120	2.38e-05	34.3
OGP2P000000000168	OGP2P000000000170	35.2	71	180	120	2.38e-05	34.3
OGP2P000000000168	OGP2P000000000146	53.1	32	180	120	8.30e-05	32.7
OGP2P000000000169	OGP2P000000000169	100	120	120	120	2.05e-97	267
OGP2P000000000169	OGP2P000000000170	92.5	120	120	120	5.70e-86	238
OGP2P000000000169	OGP2P000000000121	70.1	117	120	120	2.51e-55	161
OGP2P000000000169	OGP2P000000000122	68.1	116	120	120	1.61e-51	151
OGP2P000000000169	OGP2P000000000168	35.2	71	120	180	2.63e-07	39.3
OGP2P000000000170	OGP2P000000000170	100	120	120	120	2.31e-94	259
OGP2P000000000170	OGP2P000000000169	92.5	120	120	120	9.47e-85	235
OGP2P000000000170	OGP2P000000000121	65.0	117	120	120	1.46e-47	141
OGP2P000000000170	OGP2P000000000122	62.9	116	120	120	9.26e-44	132
OGP2P000000000170	OGP2P000000000168	35.2	71	120	180	2.97e-05	33.5
OGP2P000000000171	OGP2P000000000171	100	120	120	120	2.71e-93	257
OGP2P000000000171	OGP2P000000000172	95.0	120	120	120	1.20e-87	243
OGP2P000000000171	OGP2P000000000000	79.5	83	120	180	2.20e-42	130
OGP2P000000000171	OGP2P000000000066	27.8	126	120	180	1.01e-07	40.4
OGP2P000000000172	OGP2P000000000172	100	120	120	120	9.44e-94	258
OGP2P000000000172	OGP2P000000000171	95.0	120	120	120	1.20e-87	243
OGP2P000000000172	OGP2P000000000000	79.5	83	120	180	7.74e-43	131
OGP2P000000000172	OGP2P000000000066	35.3	51	120	180	1.59e-05	34.3
OGP2P000000000173	OGP2P000000000173	100	120	120	120	2.59e-100	275
OGP2P000000000173	OGP2P000000000174	95.0	120	120	120	3.70e-91	251
OGP2P000000000173	OGP2P000000000124	96.7	60	120	180	2.92e-45	137
OGP2P000000000173	OGP2P000000000069	45.2	115	120	120	9.06e-27	89.0
OGP2P000000000174	OGP2P000000000174	100	120	120	120	1.02e-97	268
OGP2P000000000174	OGP2P000000000173	95.0	120	120	120	3.70e-91	251
OGP2P000000000174	OGP2P000000000124	100	60	120	180	2.21e-47	143
OGP2P000000000174	OGP2P000000000069	43.5	115	120	120	2.36e-24	82.8
OGP2P000000000175	OGP2P000000000175	100	120	120	120	5.43e-102	279
OGP2P000000000175	OGP2P000000000032	98.4	61	120	180	1.10e-47	144
OGP2P000000000175	OGP2P000000000124	59.8	117	120	180	3.60e-46	140
OGP2P000000000175	OGP2P000000000125	56.9	116	120	120	1.87e-43	131
OGP2P000000000175	OGP2P000000000023	46.0	113	120	120	6.92e-29	94.4
OGP2P000000000175	OGP2P000000000022	45.1	113	120	180	2.62e-27	92.0
OGP2P000000000175	OGP2P000000000071	42.2	109	120	120	4.74e-24	82.0
OGP2P000000000175	OGP2P000000000070	42.2	109	120	120	6.70e-24	81.6
OGP2P000000000175	OGP2P000000000148	60.0	65	120	180	3.45e-21	76.3
OGP2P000000000176	OGP2P000000000176	100	120	120	120	8.00e-104	283
OGP2P000000000176	OGP2P000000000072	43.0	121	120	120	1.95e-20	72.8
OGP2P000000000176	OGP2P000000000128	35.6	118	120	120	9.72e-10	45.1
OGP2P000000000176	OGP2P000000000129	34.7	118	120	120	2.75e-08	41.2
OGP2P000000000177	OGP2P000000000177	100	120	120	120	3.14e-101	277
OGP2P000000000177	OGP2P000000000074	44.9	107	120	180	4.43e-22	78.6
OGP2P000000000178	OGP2P000000000178	100	120	120	120	5.43e-102	279
OGP2P000000000178	OGP2P000000000076	45.7	116	120	120	1.59e-27	90.9
OGP2P000000000178	OGP2P000000000032	42.5	113	120	180	1.64e-25	87.4
OGP2P000000000178	OGP2P000000000031	35.4	113	120	120	3.87e-17	64.3
OGP2P000000000179	OGP2P000000000179	100	120	120	120	7.43e-100	273
OGP2P000000000179	OGP2P000000000180	92.5	120	120	180	5.87e-92	256
OGP2P000000000179	OGP2P000000000133	65.8	120	120	120	4.55e-58	168
OGP2P000000000179	OGP2P000000000134	63.3	120	120	120	2.15e-56	164
OGP2P000000000179	OGP2P000000000149	63.3	60	120	180	4.02e-23	81.3
OGP2P000000000179	OGP2P000000000082	40.3	119	120	180	4.09e-19	70.9
OGP2P000000000180	OGP2P000000000180	100	180	180	180	5.32e-156	420
OGP2P000000000180	OGP2P000000000179	92.5	120	180	120	7.23e-91	253
OGP2P000000000180	OGP2P000000000133	63.3	120	180	120	2.30e-52	156
OGP2P000000000180	OGP2P000000000134	60.8	120	180	120	1.07e-50	152
OGP2P000000000180	OGP2P000000000027	79.0	81	180	120	5.01e-49	147
OGP2P000000000180	OGP2P000000000150	100	60	180	180	1.78e-47	145
OGP2P000000000180	OGP2P000000000026	72.8	81	180	180	7.50e-44	136
OGP2P000000000180	OGP2P000000000149	60.0	60	180	180	2.20e-19	73.6
OGP2P000000000180	OGP2P000000000128	47.2	53	180	120	3.05e-08	42.4
OGP2P000000000180	OGP2P000000000129	47.2	53	180	120	5.80e-08	41.6
OGP2P000000000180	OGP2P000000000028	34.9	83	180	120	7.45e-07	38.5
OGP2P000000000180	OGP2P000000000029	42.2	45	180	120	3.62e-06	36.6
OGP2P000000000181	OGP2P000000000181	100	180	180	180	1.85e-156	421
OGP2P000000000181	OGP2P000000000182	87.9	132	180	180	1.26e-95	268
OGP2P000000000181	OGP2P000000000130	95.0	60	180	180	1.26e-47	146
OGP2P000000000181	OGP2P000000000014	92.6	68	180	180	2.03e-46	143
OGP2P000000000181	OGP2P000000000033	52.1	121	180	120	3.37e-34	110
OGP2P000000000181	OGP2P000000000083	46.7	120	180	120	6.13e-32	104
OGP2P000000000181	OGP2P000000000034	47.9	121	180	120	3.47e-31	102
OGP2P000000000181	OGP2P000000000057	48.5	103	180	120	7.68e-24	83.6
OGP2P000000000181	OGP2P000000000022	57.4	61	180	180	6.03e-19	72.4
OGP2P000000000181	OGP2P000000000132	33.6	110	180	120	3.17e-09	45.1
OGP2P000000000181	OGP2P000000000109	38.3	60	180	180	9.84e-09	44.7
OGP2P000000000181	OGP2P000000000058	34.2	79	180	120	1.40e-06	37.7
OGP2P000000000182	OGP2P000000000182	100	180	180	180	1.47e-153	414
OGP2P000000000182	OGP2P000000000181	87.9	132	180	180	3.11e-96	269
OGP2P000000000182	OGP2P000000000130	100	60	180	180	1.04e-51	156
OGP2P000000000182	OGP2P000000000102	56.5	124	180	120	4.08e-43	132
OGP2P000000000182	OGP2P000000000101	88.5	61	180	180	1.27e-33	110
OGP2P000000000182	OGP2P000000000033	48.8	121	180	120	6.13e-32	104
OGP2P000000000182	OGP2P000000000034	44.6	121	180	120	6.24e-29	96.7
OGP2P000000000182	OGP2P000000000083	43.3	120	180	120	8.81e-29	96.3
OGP2P000000000182	OGP2P000000000022	54.1	61	180	180	3.22e-18	70.5
OGP2P000000000182	OGP2P000000000156	66.1	56	180	120	3.61e-17	66.2
OGP2P000000000182	OGP2P000000000157	61.7	60	180	120	2.74e-16	63.9
OGP2P000000000182	OGP2P000000000132	39.4	66	180	120	1.10e-07	40.8
OGP2P000000000183	OGP2P000000000183	100	120	120	120	9.36e-103	281
OGP2P000000000183	OGP2P000000000101	100	60	120	180	2.21e-47	143
OGP2P000000000183	OGP2P000000000037	49.6	123	120	120	4.25e-30	97.4
OGP2P000000000183	OGP2P000000000136	49.0	102	120	120	4.52e-27	89.7
OGP2P000000000183	OGP2P000000000135	50.0	102	120	120	1.28e-26	88.6
OGP2P000000000183	OGP2P000000000038	45.5	123	120	120	1.18e-24	83.6
OGP2P000000000183	OGP2P000000000084	41.2	102	120	120	3.37e-15	59.3
OGP2P000000000183	OGP2P000000000035	44.0	100	120	120	1.87e-14	57.4
OGP2P000000000183	OGP2P000000000184	48.4	31	120	120	3.86e-06	35.4
OGP2P000000000184	OGP2P000000000184	100	120	120	120	2.59e-100	275
OGP2P000000000184	OGP2P000000000036	59.7	124	120	180	3.36e-44	135
OGP2P000000000184	OGP2P000000000164	95.2	63	120	180	7.74e-43	131
OGP2P000000000184	OGP2P000000000093	100	60	120	180	2.20e-42	130
OGP2P000000000184	OGP2P000000000110	100	60	120	180	2.20e-42	130
OGP2P000000000184	OGP2P000000000135	36.5	115	120	120	7.98e-13	53.1
OGP2P000000000184	OGP2P000000000136	31.4	118	120	120	5.19e-09	43.1
OGP2P000000000184	OGP2P000000000183	43.2	37	120	120	1.96e-05	33.5
OGP2P000000000185	OGP2P000000000185	100	180	180	180	8.84e-155	417
OGP2P000000000185	OGP2P000000000137	78.8	118	180	120	1.07e-69	200
OGP2P000000000185	OGP2P000000000007	91.2	68	180	120	5.01e-49	147
OGP2P000000000185	OGP2P000000000006	95.1	61	180	120	3.09e-45	138
OGP2P000000000185	OGP2P000000000085	50.0	116	180	120	7.83e-30	99.0
OGP2P000000000185	OGP2P000000000123	69.2	65	180	180	4.28e-28	96.3
OGP2P000000000185	OGP2P000000000049	60.0	60	180	120	4.37e-19	71.2
OGP2P000000000185	OGP2P000000000095	36.1	61	180	120	2.38e-05	34.3
OGP2P000000000186	OGP2P000000000186	100	120	120	120	1.02e-97	268
OGP2P000000000186	OGP2P000000000043	35.7	115	120	120	4.04e-13	53.9
OGP2P000000000186	OGP2P000000000042	34.8	115	120	180	2.15e-12	53.1
OGP2P000000000187	OGP2P000000000187	100	120	120	120	2.92e-97	267
OGP2P000000000187	OGP2P000000000188	92.5	120	120	180	3.62e-86	241
OGP2P000000000187	OGP2P000000000142	60.8	120	120	180	3.13e-47	142
OGP2P000000000187	OGP2P000000000143	55.0	120	120	120	1.67e-39	121
OGP2P000000000187	OGP2P000000000089	43.7	119	120	120	9.06e-27	89.0
OGP2P000000000187	OGP2P000000000043	41.7	120	120	120	4.87e-21	74.3
OGP2P000000000187	OGP2P000000000042	41.7	120	120	180	1.35e-20	74.7
OGP2P000000000187	OGP2P000000000014	61.0	59	120	180	2.68e-20	73.9
OGP2P000000000187	OGP2P000000000066	55.9	59	120	180	5.03e-16	62.8
OGP2P000000000188	OGP2P000000000188	100	180	180	180	2.74e-149	403
OGP2P000000000188	OGP2P000000000187	92.5	120	180	120	6.62e-87	243
OGP2P000000000188	OGP2P000000000119	59.0	117	180	120	1.54e-45	139
OGP2P000000000188	OGP2P000000000142	57.8	116	180	180	8.80e-40	126
OGP2P000000000188	OGP2P000000000120	68.7	83	180	120	2.83e-38	120
OGP2P000000000188	OGP2P000000000143	51.7	116	180	120	4.34e-32	104
OGP2P000000000188	OGP2P000000000089	39.0	123	180	120	1.57e-19	72.4
OGP2P000000000188	OGP2P000000000014	60.0	55	180	180	9.08e-17	66.6
OGP2P000000000188	OGP2P000000000168	62.1	58	180	180	4.85e-15	62.0
OGP2P000000000188	OGP2P000000000066	54.5	55	180	180	1.27e-12	55.5
