OGP2P000000000000	OGP2P000000000000	100	120	120	120	1.23e-102	279
OGP2P000000000000	OGP2P000000000012	95.0	120	120	120	5.23e-95	259
OGP2P000000000000	OGP2P000000000036	90.0	120	120	120	5.67e-90	247
OGP2P000000000000	OGP2P000000000024	86.7	120	120	120	1.83e-86	238
OGP2P000000000001	OGP2P000000000001	100	120	120	120	5.85e-101	275
OGP2P000000000001	OGP2P000000000037	94.2	120	120	120	2.13e-94	258
OGP2P000000000001	OGP2P000000000013	92.5	120	120	120	5.89e-92	252
OGP2P000000000001	OGP2P000000000025	92.5	120	120	120	9.79e-91	249
OGP2P000000000002	OGP2P000000000002	100	120	120	120	1.38e-99	271
OGP2P000000000002	OGP2P000000000014	95.0	120	120	120	3.41e-91	250
OGP2P000000000002	OGP2P000000000026	93.3	120	120	120	3.99e-90	247
OGP2P000000000002	OGP2P000000000038	93.3	119	120	120	6.63e-89	244
OGP2P000000000003	OGP2P000000000003	100	120	120	120	1.06e-85	236
OGP2P000000000003	OGP2P000000000027	80.0	120	120	120	4.83e-73	204
OGP2P000000000003	OGP2P000000000039	80.0	120	120	120	6.87e-73	204
OGP2P000000000003	OGP2P000000000015	80.0	120	120	120	1.62e-71	200
OGP2P000000000004	OGP2P000000000004	100	120	120	120	4.82e-100	272
OGP2P000000000004	OGP2P000000000016	96.7	120	120	120	1.82e-95	261
OGP2P000000000004	OGP2P000000000028	86.7	120	120	120	2.92e-83	230
OGP2P000000000004	OGP2P000000000040	84.2	120	120	120	3.29e-80	222
OGP2P000000000005	OGP2P000000000005	100	120	120	120	2.59e-95	260
OGP2P000000000005	OGP2P000000000041	92.5	120	120	120	4.32e-85	234
OGP2P000000000005	OGP2P000000000017	93.3	120	120	120	8.72e-85	234
OGP2P000000000005	OGP2P000000000029	90.8	120	120	120	4.15e-83	229
OGP2P000000000006	OGP2P000000000006	100	120	120	120	7.10e-102	277
OGP2P000000000006	OGP2P000000000018	95.8	120	120	120	2.21e-96	263
OGP2P000000000006	OGP2P000000000042	90.8	120	120	120	4.85e-91	249
OGP2P000000000006	OGP2P000000000030	90.0	120	120	120	2.31e-89	245
OGP2P000000000007	OGP2P000000000007	100	120	120	120	2.90e-101	275
OGP2P000000000007	OGP2P000000000019	97.5	120	120	120	7.71e-97	264
OGP2P000000000007	OGP2P000000000043	90.0	120	120	120	1.83e-86	238
OGP2P000000000007	OGP2P000000000031	88.3	120	120	120	1.02e-83	231
OGP2P000000000008	OGP2P000000000008	100	120	120	120	2.47e-102	278
OGP2P000000000008	OGP2P000000000020	95.0	120	120	120	1.28e-95	261
OGP2P000000000008	OGP2P000000000044	90.8	120	120	120	1.19e-91	251
OGP2P000000000008	OGP2P000000000032	90.8	120	120	120	3.99e-90	247
OGP2P000000000009	OGP2P000000000009	100	120	120	120	1.68e-100	273
OGP2P000000000009	OGP2P000000000021	95.0	120	120	120	8.69e-94	256
OGP2P000000000009	OGP2P000000000045	89.2	120	120	120	4.49e-87	239
OGP2P000000000009	OGP2P000000000033	88.3	120	120	120	2.60e-86	238
OGP2P000000000010	OGP2P000000000010	100	120	120	120	3.39e-100	273
OGP2P000000000010	OGP2P000000000022	95.0	120	120	120	4.14e-92	252
OGP2P000000000010	OGP2P000000000046	90.0	120	120	120	8.72e-85	234
OGP2P000000000010	OGP2P000000000034	89.2	120	120	120	1.98e-81	225
OGP2P000000000011	OGP2P000000000011	100	120	120	120	2.04e-101	276
OGP2P000000000011	OGP2P000000000023	94.2	120	120	120	2.13e-94	258
OGP2P000000000011	OGP2P000000000035	93.3	119	120	120	5.89e-92	252
OGP2P000000000011	OGP2P000000000047	90.8	120	120	120	3.41e-91	250
OGP2P000000000012	OGP2P000000000012	100	120	120	120	8.62e-103	279
OGP2P000000000012	OGP2P000000000000	95.0	120	120	120	4.47e-96	262
OGP2P000000000012	OGP2P000000000036	89.2	120	120	120	2.22e-87	240
OGP2P000000000012	OGP2P000000000024	85.8	120	120	120	7.17e-84	231
OGP2P000000000013	OGP2P000000000013	100	120	120	120	5.00e-102	277
OGP2P000000000013	OGP2P000000000001	92.5	120	120	120	5.89e-92	252
OGP2P000000000013	OGP2P000000000037	90.0	120	120	120	9.42e-89	244
OGP2P000000000013	OGP2P000000000025	87.5	120	120	120	2.50e-84	233
OGP2P000000000014	OGP2P000000000014	100	120	120	120	3.26e-98	268
OGP2P000000000014	OGP2P000000000002	95.0	120	120	120	5.89e-92	252
OGP2P000000000014	OGP2P000000000026	92.5	120	120	120	1.10e-87	241
OGP2P000000000014	OGP2P000000000038	91.6	119	120	120	1.06e-85	236
OGP2P000000000015	OGP2P000000000015	100	120	120	120	4.47e-96	262
OGP2P000000000015	OGP2P000000000027	88.3	120	120	120	4.86e-82	227
OGP2P000000000015	OGP2P000000000039	87.5	120	120	120	1.98e-81	225
OGP2P000000000015	OGP2P000000000003	80.0	120	120	120	3.27e-71	199
OGP2P000000000016	OGP2P000000000016	100	120	120	120	9.72e-100	271
OGP2P000000000016	OGP2P000000000004	96.7	120	120	120	7.43e-95	259
OGP2P000000000016	OGP2P000000000028	86.7	120	120	120	2.92e-83	230
OGP2P000000000016	OGP2P000000000040	84.2	120	120	120	3.29e-80	222
OGP2P000000000017	OGP2P000000000017	100	120	120	120	1.10e-96	264
OGP2P000000000017	OGP2P000000000005	93.3	120	120	120	1.83e-86	238
OGP2P000000000017	OGP2P000000000041	89.2	120	120	120	3.42e-82	227
OGP2P000000000017	OGP2P000000000029	87.5	120	120	120	3.29e-80	222
OGP2P000000000018	OGP2P000000000018	100	120	120	120	5.00e-102	277
OGP2P000000000018	OGP2P000000000006	95.8	120	120	120	3.82e-97	265
OGP2P000000000018	OGP2P000000000042	91.7	120	120	120	3.54e-93	255
OGP2P000000000018	OGP2P000000000030	91.7	120	120	120	2.05e-92	253
OGP2P000000000019	OGP2P000000000019	100	120	120	120	1.18e-100	274
OGP2P000000000019	OGP2P000000000007	97.5	120	120	120	1.56e-96	263
OGP2P000000000019	OGP2P000000000043	92.5	120	120	120	2.81e-90	248
OGP2P000000000019	OGP2P000000000031	90.8	120	120	120	1.56e-87	241
OGP2P000000000020	OGP2P000000000020	100	120	120	120	1.81e-104	283
OGP2P000000000020	OGP2P000000000008	95.0	120	120	120	3.14e-96	263
OGP2P000000000020	OGP2P000000000032	90.8	120	120	120	3.99e-90	247
OGP2P000000000020	OGP2P000000000044	90.0	120	120	120	5.67e-90	247
OGP2P000000000021	OGP2P000000000021	100	120	120	120	8.31e-101	274
OGP2P000000000021	OGP2P000000000009	95.0	120	120	120	6.12e-94	257
OGP2P000000000021	OGP2P000000000045	87.5	120	120	120	1.51e-85	236
OGP2P000000000021	OGP2P000000000033	86.7	120	120	120	8.72e-85	234
OGP2P000000000022	OGP2P000000000022	100	120	120	120	1.96e-99	271
OGP2P000000000022	OGP2P000000000010	95.0	120	120	120	2.92e-92	253
OGP2P000000000022	OGP2P000000000046	89.2	120	120	120	3.04e-85	235
OGP2P000000000022	OGP2P000000000034	88.3	120	120	120	6.90e-82	226
OGP2P000000000023	OGP2P000000000023	100	120	120	120	2.90e-101	275
OGP2P000000000023	OGP2P000000000011	94.2	120	120	120	1.23e-93	256
OGP2P000000000023	OGP2P000000000035	92.4	119	120	120	3.99e-90	247
OGP2P000000000023	OGP2P000000000047	90.0	120	120	120	2.31e-89	245
OGP2P000000000024	OGP2P000000000024	100	120	120	120	7.10e-102	277
OGP2P000000000024	OGP2P000000000036	95.0	120	120	120	6.35e-96	262
OGP2P000000000024	OGP2P000000000000	86.7	120	120	120	1.83e-86	238
OGP2P000000000024	OGP2P000000000012	85.8	120	120	120	8.39e-83	229
OGP2P000000000025	OGP2P000000000025	100	120	120	120	1.01e-101	276
OGP2P000000000025	OGP2P000000000037	95.8	120	120	120	6.35e-96	262
OGP2P000000000025	OGP2P000000000001	92.5	120	120	120	3.41e-91	250
OGP2P000000000025	OGP2P000000000013	87.5	120	120	120	8.72e-85	234
OGP2P000000000026	OGP2P000000000026	100	120	120	120	1.33e-97	266
OGP2P000000000026	OGP2P000000000038	97.5	119	120	120	8.69e-94	256
OGP2P000000000026	OGP2P000000000002	93.3	120	120	120	5.67e-90	247
OGP2P000000000026	OGP2P000000000014	92.5	120	120	120	9.06e-87	239
OGP2P000000000027	OGP2P000000000027	100	120	120	120	4.64e-98	267
OGP2P000000000027	OGP2P000000000039	95.8	120	120	120	3.54e-93	255
OGP2P000000000027	OGP2P000000000015	88.3	120	120	120	4.15e-83	229
OGP2P000000000027	OGP2P000000000003	80.0	120	120	120	8.35e-74	206
OGP2P000000000028	OGP2P000000000028	100	120	120	120	2.90e-101	275
OGP2P000000000028	OGP2P000000000040	92.5	120	120	120	2.40e-91	250
OGP2P000000000028	OGP2P000000000016	86.7	120	120	120	1.02e-83	231
OGP2P000000000028	OGP2P000000000004	86.7	120	120	120	4.15e-83	229
OGP2P000000000029	OGP2P000000000029	100	120	120	120	3.26e-98	268
OGP2P000000000029	OGP2P000000000041	95.0	120	120	120	1.69e-91	251
OGP2P000000000029	OGP2P000000000005	90.8	120	120	120	7.17e-84	231
OGP2P000000000029	OGP2P000000000017	87.5	120	120	120	2.70e-79	220
OGP2P000000000030	OGP2P000000000030	100	120	120	120	1.23e-102	279
OGP2P000000000030	OGP2P000000000042	97.5	120	120	120	2.79e-99	270
OGP2P000000000030	OGP2P000000000018	91.7	120	120	120	5.89e-92	252
OGP2P000000000030	OGP2P000000000006	90.0	120	120	120	1.14e-89	246
OGP2P000000000031	OGP2P000000000031	100	120	120	120	1.68e-100	273
OGP2P000000000031	OGP2P000000000043	93.3	120	120	120	1.69e-91	251
OGP2P000000000031	OGP2P000000000019	90.8	120	120	120	3.16e-87	240
OGP2P000000000031	OGP2P000000000007	88.3	120	120	120	4.15e-83	229
OGP2P000000000032	OGP2P000000000032	100	120	120	120	3.00e-103	280
OGP2P000000000032	OGP2P000000000044	92.5	120	120	120	4.30e-94	257
OGP2P000000000032	OGP2P000000000008	90.8	120	120	120	1.39e-90	248
OGP2P000000000032	OGP2P000000000020	90.8	120	120	120	5.67e-90	247
OGP2P000000000033	OGP2P000000000033	100	120	120	120	1.62e-98	268
OGP2P000000000033	OGP2P000000000045	95.8	120	120	120	3.54e-93	255
OGP2P000000000033	OGP2P000000000009	88.3	120	120	120	2.14e-85	235
OGP2P000000000033	OGP2P000000000021	86.7	120	120	120	1.02e-83	231
OGP2P000000000034	OGP2P000000000034	100	120	120	120	1.56e-96	263
OGP2P000000000034	OGP2P000000000046	91.7	120	120	120	1.06e-85	236
OGP2P000000000034	OGP2P000000000022	88.3	120	120	120	8.39e-83	229
OGP2P000000000034	OGP2P000000000010	89.2	120	120	120	1.69e-82	228
OGP2P000000000035	OGP2P000000000035	100	120	120	120	1.68e-100	273
OGP2P000000000035	OGP2P000000000047	97.5	119	120	120	9.37e-98	266
OGP2P000000000035	OGP2P000000000011	93.3	119	120	120	1.19e-91	251
OGP2P000000000035	OGP2P000000000023	92.4	119	120	120	1.39e-90	248
OGP2P000000000036	OGP2P000000000036	100	120	120	120	2.47e-102	278
OGP2P000000000036	OGP2P000000000024	95.0	120	120	120	3.14e-96	263
OGP2P000000000036	OGP2P000000000000	90.0	120	120	120	2.81e-90	248
OGP2P000000000036	OGP2P000000000012	89.2	120	120	120	1.29e-86	238
OGP2P000000000037	OGP2P000000000037	100	120	120	120	3.52e-102	278
OGP2P000000000037	OGP2P000000000025	95.8	120	120	120	1.82e-95	261
OGP2P000000000037	OGP2P000000000001	94.2	120	120	120	2.13e-94	258
OGP2P000000000037	OGP2P000000000013	90.0	120	120	120	9.42e-89	244
OGP2P000000000038	OGP2P000000000038	100	120	120	120	1.89e-97	266
OGP2P000000000038	OGP2P000000000026	97.5	119	120	120	8.69e-94	256
OGP2P000000000038	OGP2P000000000002	93.3	119	120	120	9.42e-89	244
OGP2P000000000038	OGP2P000000000014	91.6	119	120	120	8.72e-85	234
OGP2P000000000039	OGP2P000000000039	100	120	120	120	9.72e-100	271
OGP2P000000000039	OGP2P000000000027	95.8	120	120	120	1.23e-93	256
OGP2P000000000039	OGP2P000000000015	87.5	120	120	120	5.90e-83	229
OGP2P000000000039	OGP2P000000000003	80.0	120	120	120	4.14e-74	207
OGP2P000000000040	OGP2P000000000040	100	120	120	120	2.38e-100	273
OGP2P000000000040	OGP2P000000000028	92.5	120	120	120	2.40e-91	250
OGP2P000000000040	OGP2P000000000016	84.2	120	120	120	1.15e-80	223
OGP2P000000000040	OGP2P000000000004	84.2	120	120	120	4.67e-80	222
OGP2P000000000041	OGP2P000000000041	100	120	120	120	9.37e-98	266
OGP2P000000000041	OGP2P000000000029	95.0	120	120	120	1.69e-91	251
OGP2P000000000041	OGP2P000000000005	92.5	120	120	120	7.46e-86	236
OGP2P000000000041	OGP2P000000000017	89.2	120	120	120	2.81e-81	225
OGP2P000000000042	OGP2P000000000042	100	120	120	120	2.11e-103	281
OGP2P000000000042	OGP2P000000000030	97.5	120	120	120	1.96e-99	271
OGP2P000000000042	OGP2P000000000018	91.7	120	120	120	7.15e-93	254
OGP2P000000000042	OGP2P000000000006	90.8	120	120	120	1.69e-91	251
OGP2P000000000043	OGP2P000000000043	100	120	120	120	8.31e-101	274
OGP2P000000000043	OGP2P000000000031	93.3	120	120	120	6.89e-91	249
OGP2P000000000043	OGP2P000000000019	92.5	120	120	120	2.31e-89	245
OGP2P000000000043	OGP2P000000000007	90.0	120	120	120	3.04e-85	235
OGP2P000000000044	OGP2P000000000044	100	120	120	120	2.47e-102	278
OGP2P000000000044	OGP2P000000000032	92.5	120	120	120	1.75e-93	256
OGP2P000000000044	OGP2P000000000008	90.8	120	120	120	1.69e-91	251
OGP2P000000000044	OGP2P000000000020	90.0	120	120	120	3.28e-89	245
OGP2P000000000045	OGP2P000000000045	100	120	120	120	8.01e-99	269
OGP2P000000000045	OGP2P000000000033	95.8	120	120	120	1.75e-93	256
OGP2P000000000045	OGP2P000000000009	89.2	120	120	120	1.83e-86	238
OGP2P000000000045	OGP2P000000000021	87.5	120	120	120	8.72e-85	234
OGP2P000000000046	OGP2P000000000046	100	120	120	120	3.97e-99	270
OGP2P000000000046	OGP2P000000000022	89.2	120	120	120	2.14e-85	235
OGP2P000000000046	OGP2P000000000010	90.0	120	120	120	4.32e-85	234
OGP2P000000000046	OGP2P000000000034	91.7	120	120	120	6.14e-85	234
OGP2P000000000047	OGP2P000000000047	100	120	120	120	1.43e-101	276
OGP2P000000000047	OGP2P000000000035	97.5	119	120	120	9.37e-98	266
OGP2P000000000047	OGP2P000000000011	90.8	120	120	120	6.89e-91	249
OGP2P000000000047	OGP2P000000000023	90.0	120	120	120	8.05e-90	246
