component_id	cluster_id	network_event	overlap_score	confidence
0	0	DUPLICATION_LIKE	1.0	1.0
0	1	DUPLICATION_LIKE	1.0	0.6666666666666666
0	2	DUPLICATION_LIKE	1.0	1.0
0	3	DUPLICATION_LIKE	1.0	1.0
0	4	SPECIATION_LIKE	0.0	1.0
0	5	AMBIGUOUS	0.0	1.0
0	6	SPECIATION_LIKE	0.0	1.0
0	7	DUPLICATION_LIKE	1.0	1.0
0	8	AMBIGUOUS	0.0	1.0
0	9	AMBIGUOUS	0.0	1.0
0	10	SPECIES_SPECIFIC	0.0	1.0
0	11	SPECIATION_LIKE	0.0	1.0
0	12	SPECIES_SPECIFIC	0.0	1.0
0	13	SPECIES_SPECIFIC	0.0	1.0
0	14	SPECIES_SPECIFIC	0.0	1.0
0	15	AMBIGUOUS	0.0	1.0
0	16	SPECIES_SPECIFIC	0.0	1.0
0	17	MIXED	1.0	0.0
0	18	SPECIATION_LIKE	0.0	1.0
0	19	DUPLICATION_LIKE	1.0	1.0
0	20	AMBIGUOUS	0.0	1.0
0	21	SPECIES_SPECIFIC	0.0	1.0
0	22	AMBIGUOUS	0.0	1.0
0	23	AMBIGUOUS	0.0	1.0
0	24	AMBIGUOUS	0.0	1.0
0	25	SPECIES_SPECIFIC	0.0	1.0
1	0	DUPLICATION_LIKE	1.0	1.0
1	1	DUPLICATION_LIKE	1.0	1.0
1	2	POLYTOMY	0.0	1.0
1	3	AMBIGUOUS	0.0	1.0
1	4	SPECIES_SPECIFIC	0.0	1.0
1	5	SPECIES_SPECIFIC	0.0	1.0
1	6	AMBIGUOUS	0.0	1.0
1	7	SPECIES_SPECIFIC	0.0	1.0
2	0	DUPLICATION_LIKE	1.0	1.0
2	1	DUPLICATION_LIKE	0.5	0.5
2	2	SPECIATION_LIKE	0.0	1.0
2	3	AMBIGUOUS	0.0	1.0
2	4	AMBIGUOUS	0.0	1.0
2	5	AMBIGUOUS	0.0	1.0
2	6	SPECIES_SPECIFIC	0.0	1.0
3	0	SPECIATION_LIKE	0.0	1.0
3	1	SPECIES_SPECIFIC	0.0	1.0
3	2	DUPLICATION_LIKE	1.0	1.0
3	3	AMBIGUOUS	0.0	1.0
3	4	DUPLICATION_LIKE	1.0	1.0
3	5	AMBIGUOUS	0.0	1.0
3	6	SPECIES_SPECIFIC	0.0	1.0
4	0	DUPLICATION_LIKE	0.6666666666666666	0.6666666666666666
4	1	SPECIATION_LIKE	0.0	1.0
4	2	AMBIGUOUS	0.0	1.0
4	3	AMBIGUOUS	0.0	1.0
4	4	SPECIES_SPECIFIC	0.0	1.0
5	0	DUPLICATION_LIKE	0.5	0.5
5	1	SPECIATION_LIKE	0.0	1.0
5	2	AMBIGUOUS	0.0	1.0
5	3	SPECIES_SPECIFIC	0.0	1.0
5	4	SPECIES_SPECIFIC	0.0	1.0
6	0	AMBIGUOUS	0.0	1.0
7	0	DUPLICATION_LIKE	1.0	1.0
7	1	DUPLICATION_LIKE	1.0	1.0
7	2	SPECIES_SPECIFIC	0.0	1.0
7	3	AMBIGUOUS	0.0	1.0
7	4	AMBIGUOUS	0.0	1.0
8	0	SPECIATION_LIKE	0.0	1.0
8	1	AMBIGUOUS	0.0	1.0
8	2	SPECIES_SPECIFIC	0.0	1.0
9	0	POLYTOMY	0.0	1.0
9	1	AMBIGUOUS	0.0	1.0
9	2	SPECIES_SPECIFIC	0.0	1.0
9	3	SPECIES_SPECIFIC	0.0	1.0
10	0	AMBIGUOUS	0.0	1.0
11	0	DUPLICATION_LIKE	1.0	1.0
11	1	SPECIES_SPECIFIC	0.0	1.0
11	2	AMBIGUOUS	0.0	1.0
12	0	AMBIGUOUS	0.0	1.0
13	0	SPECIATION_LIKE	0.0	1.0
13	1	AMBIGUOUS	0.0	1.0
13	2	SPECIES_SPECIFIC	0.0	1.0
14	0	SPECIATION_LIKE	0.0	1.0
14	1	SPECIES_SPECIFIC	0.0	1.0
14	2	SPECIES_SPECIFIC	0.0	1.0
15	0	AMBIGUOUS	0.0	1.0
16	0	AMBIGUOUS	0.0	1.0
17	0	SPECIATION_LIKE	0.0	1.0
17	1	SPECIES_SPECIFIC	0.0	1.0
17	2	SPECIES_SPECIFIC	0.0	1.0
18	0	SPECIATION_LIKE	0.0	1.0
18	1	SPECIES_SPECIFIC	0.0	1.0
18	2	SPECIES_SPECIFIC	0.0	1.0
19	0	AMBIGUOUS	0.0	1.0
20	0	SPECIES_SPECIFIC	0.0	1.0
21	0	AMBIGUOUS	0.0	1.0
22	0	SPECIES_SPECIFIC	0.0	1.0
23	0	AMBIGUOUS	0.0	1.0
24	0	SPECIES_SPECIFIC	0.0	1.0
25	0	SPECIES_SPECIFIC	0.0	1.0
26	0	SPECIES_SPECIFIC	0.0	1.0
