family_id	component_id	cluster_id	n_genes	n_species	terminal_reason	network_event
OG000000000	1	3	6	4	GAMMA_LIMIT	AMBIGUOUS
OG000000001	1	5	2	1	MIN_SIZE	SPECIES_SPECIFIC
OG000000002	4	3	3	2	MIN_SIZE	AMBIGUOUS
OG000000003	4	2	4	3	GAMMA_LIMIT	AMBIGUOUS
OG000000004	12	0	5	4	GAMMA_LIMIT	AMBIGUOUS
OG000000005	0	9	4	3	GAMMA_LIMIT	AMBIGUOUS
OG000000006	0	13	2	1	MIN_SIZE	SPECIES_SPECIFIC
OG000000007	3	1	2	1	MIN_SIZE	SPECIES_SPECIFIC
OG000000008	0	22	3	3	MIN_SIZE	AMBIGUOUS
OG000000009	0	24	4	3	GAMMA_LIMIT	AMBIGUOUS
OG000000010	2	3	5	3	GAMMA_LIMIT	AMBIGUOUS
OG000000011	2	5	4	2	GAMMA_LIMIT	AMBIGUOUS
OG000000012	20	0	2	1	MIN_SIZE	SPECIES_SPECIFIC
OG000000013	8	1	5	3	GAMMA_LIMIT	AMBIGUOUS
OG000000014	14	1	2	1	MIN_SIZE	SPECIES_SPECIFIC
OG000000015	5	3	2	1	MIN_SIZE	SPECIES_SPECIFIC
OG000000016	5	2	5	3	GAMMA_LIMIT	AMBIGUOUS
OG000000017	15	0	4	3	GAMMA_LIMIT	AMBIGUOUS
OG000000018	0	5	5	3	GAMMA_LIMIT	AMBIGUOUS
OG000000019	0	20	5	3	GAMMA_LIMIT	AMBIGUOUS
OG000000020	6	0	9	4	GAMMA_LIMIT	AMBIGUOUS
OG000000021	10	0	6	3	GAMMA_LIMIT	AMBIGUOUS
OG000000022	16	0	4	3	GAMMA_LIMIT	AMBIGUOUS
OG000000023	9	1	3	2	MIN_SIZE	AMBIGUOUS
OG000000024	1	4	2	1	MIN_SIZE	SPECIES_SPECIFIC
OG000000025	1	6	3	2	MIN_SIZE	AMBIGUOUS
OG000000026	0	15	3	2	MIN_SIZE	AMBIGUOUS
OG000000027	3	3	3	2	MIN_SIZE	AMBIGUOUS
OG000000028	3	5	4	3	GAMMA_LIMIT	AMBIGUOUS
OG000000029	0	23	3	2	MIN_SIZE	AMBIGUOUS
OG000000030	21	0	2	2	MIN_SIZE	AMBIGUOUS
OG000000031	2	4	2	2	MIN_SIZE	AMBIGUOUS
OG000000032	7	3	3	2	MIN_SIZE	AMBIGUOUS
OG000000033	7	4	4	3	GAMMA_LIMIT	AMBIGUOUS
OG000000034	11	1	2	1	MIN_SIZE	SPECIES_SPECIFIC
OG000000035	19	0	3	2	MIN_SIZE	AMBIGUOUS
OG000000036	17	1	2	1	MIN_SIZE	SPECIES_SPECIFIC
OG000000037	22	0	2	1	MIN_SIZE	SPECIES_SPECIFIC
OG000000038	13	1	3	2	MIN_SIZE	AMBIGUOUS
OG000000039	11	2	4	3	GAMMA_LIMIT	AMBIGUOUS
OG000000040	24	0	1	1	SINGLETON	SPECIES_SPECIFIC
OG000000041	0	8	3	2	MIN_SIZE	AMBIGUOUS
OG000000042	0	14	2	1	MIN_SIZE	SPECIES_SPECIFIC
OG000000043	3	6	2	1	MIN_SIZE	SPECIES_SPECIFIC
OG000000044	0	10	2	1	MIN_SIZE	SPECIES_SPECIFIC
OG000000045	23	0	2	2	MIN_SIZE	AMBIGUOUS
OG000000046	18	1	2	1	MIN_SIZE	SPECIES_SPECIFIC
OG000000047	8	2	2	1	MIN_SIZE	SPECIES_SPECIFIC
OG000000048	14	2	2	1	MIN_SIZE	SPECIES_SPECIFIC
OG000000049	5	4	2	1	MIN_SIZE	SPECIES_SPECIFIC
OG000000050	17	2	2	1	MIN_SIZE	SPECIES_SPECIFIC
OG000000051	25	0	1	1	SINGLETON	SPECIES_SPECIFIC
OG000000052	9	2	2	1	MIN_SIZE	SPECIES_SPECIFIC
OG000000053	1	7	2	1	MIN_SIZE	SPECIES_SPECIFIC
OG000000054	4	4	2	1	MIN_SIZE	SPECIES_SPECIFIC
OG000000055	0	12	2	1	MIN_SIZE	SPECIES_SPECIFIC
OG000000056	0	16	2	1	MIN_SIZE	SPECIES_SPECIFIC
OG000000057	0	21	2	1	MIN_SIZE	SPECIES_SPECIFIC
OG000000058	0	25	2	1	MIN_SIZE	SPECIES_SPECIFIC
OG000000059	2	6	2	1	MIN_SIZE	SPECIES_SPECIFIC
OG000000060	18	2	2	1	MIN_SIZE	SPECIES_SPECIFIC
OG000000061	7	2	2	1	MIN_SIZE	SPECIES_SPECIFIC
OG000000062	13	2	2	1	MIN_SIZE	SPECIES_SPECIFIC
OG000000063	26	0	1	1	SINGLETON	SPECIES_SPECIFIC
OG000000064	9	3	2	1	MIN_SIZE	SPECIES_SPECIFIC
