cluster_id	parent_id	component_id	depth	n_genes	n_species	resolution	quality	child_count	terminal_reason
0		0	0	44	4	0.02	173.7505307067489	2	
1	0	0	1	25	4	0.32	80.22198258747008	4	
2	0	0	1	19	4	0.05656854249492379	76.06631947963241	2	
3	1	0	2	9	3	0.2262741699796952	26.22835942244796	2	
4	1	0	2	6	3	0.2262741699796952	15.233863485011875	2	
5	1	0	2	5	3			0	GAMMA_LIMIT
6	1	0	2	5	3	0.4525483399593904	10.142670738561613	2	
7	3	0	3	6	3	0.32	16.249811723928534	2	
8	3	0	3	3	2			0	MIN_SIZE
9	7	0	4	4	3			0	GAMMA_LIMIT
10	7	0	4	2	1			0	MIN_SIZE
11	4	0	3	4	2	0.64	5.854299193022978	2	
12	4	0	3	2	1			0	MIN_SIZE
13	11	0	4	2	1			0	MIN_SIZE
14	11	0	4	2	1			0	MIN_SIZE
15	6	0	3	3	2			0	MIN_SIZE
16	6	0	3	2	1			0	MIN_SIZE
17	2	0	2	13	4	0.26908685288118867	43.48411747051612	3	
18	2	0	2	6	4	0.5381737057623773	13.441233693249902	2	
19	17	0	3	6	3	0.32	13.465149483956711	2	
20	17	0	3	5	3			0	GAMMA_LIMIT
21	17	0	3	2	1			0	MIN_SIZE
22	19	0	4	3	3			0	MIN_SIZE
23	19	0	4	3	2			0	MIN_SIZE
24	18	0	3	4	3			0	GAMMA_LIMIT
25	18	0	3	2	1			0	MIN_SIZE
0		1	0	15	4	0.03363585661014859	75.90558432814521	2	
1	0	1	1	8	4	0.06727171322029715	39.79474658819731	2	
2	0	1	1	7	4	1.28	5.097526007681729	3	
3	1	1	2	6	4			0	GAMMA_LIMIT
4	1	1	2	2	1			0	MIN_SIZE
5	2	1	2	2	1			0	MIN_SIZE
6	2	1	2	3	2			0	MIN_SIZE
7	2	1	2	2	1			0	MIN_SIZE
0		2	0	13	4	0.1345434264405943	45.12933963580748	2	
1	0	2	1	7	4	0.32	18.788243027571454	2	
2	0	2	1	6	3	0.19027313840043536	17.207016848970603	2	
3	1	2	2	5	3			0	GAMMA_LIMIT
4	1	2	2	2	2			0	MIN_SIZE
5	2	2	2	4	2			0	GAMMA_LIMIT
6	2	2	2	2	1			0	MIN_SIZE
0		3	0	11	4	0.06727171322029715	36.66288396323614	2	
1	0	3	1	2	1			0	MIN_SIZE
2	0	3	1	9	3	0.2262741699796952	28.28494705231723	2	
3	2	3	2	3	2			0	MIN_SIZE
4	2	3	2	6	3	0.3805462768008708	16.39970080999208	2	
5	4	3	3	4	3			0	GAMMA_LIMIT
6	4	3	3	2	1			0	MIN_SIZE
0		4	0	9	4	0.09513656920021767	21.646790251029262	2	
1	0	4	1	5	3	0.26908685288118867	8.283835389328054	2	
2	0	4	1	4	3			0	GAMMA_LIMIT
3	1	4	2	3	2			0	MIN_SIZE
4	1	4	2	2	1			0	MIN_SIZE
0		5	0	9	4	0.2262741699796952	26.046429254612008	2	
1	0	5	1	4	2	0.4525483399593904	6.691385198438427	2	
2	0	5	1	5	3			0	GAMMA_LIMIT
3	1	5	2	2	1			0	MIN_SIZE
4	1	5	2	2	1			0	MIN_SIZE
0		6	0	9	4			0	GAMMA_LIMIT
0		7	0	9	3	0.16	18.90453410430778	2	
1	0	7	1	7	3	0.3805462768008708	11.390103102122943	2	
2	0	7	1	2	1			0	MIN_SIZE
3	1	7	2	3	2			0	MIN_SIZE
4	1	7	2	4	3			0	GAMMA_LIMIT
0		8	0	7	4	0.64	18.423972921840175	2	
1	0	8	1	5	3			0	GAMMA_LIMIT
2	0	8	1	2	1			0	MIN_SIZE
0		9	0	7	4	0.9050966799187808	10.687436213877398	3	
1	0	9	1	3	2			0	MIN_SIZE
2	0	9	1	2	1			0	MIN_SIZE
3	0	9	1	2	1			0	MIN_SIZE
0		10	0	6	3			0	GAMMA_LIMIT
0		11	0	6	3	0.26908685288118867	13.246825538873784	2	
1	0	11	1	2	1			0	MIN_SIZE
2	0	11	1	4	3			0	GAMMA_LIMIT
0		12	0	5	4			0	GAMMA_LIMIT
0		13	0	5	3	0.4525483399593904	8.765887908787557	2	
1	0	13	1	3	2			0	MIN_SIZE
2	0	13	1	2	1			0	MIN_SIZE
0		14	0	4	2	0.3805462768008708	5.998583295830327	2	
1	0	14	1	2	1			0	MIN_SIZE
2	0	14	1	2	1			0	MIN_SIZE
0		15	0	4	3			0	GAMMA_LIMIT
0		16	0	4	3			0	GAMMA_LIMIT
0		17	0	4	2	0.4525483399593904	7.305800776007133	2	
1	0	17	1	2	1			0	MIN_SIZE
2	0	17	1	2	1			0	MIN_SIZE
0		18	0	4	2	0.32	6.39590932205637	2	
1	0	18	1	2	1			0	MIN_SIZE
2	0	18	1	2	1			0	MIN_SIZE
0		19	0	3	2			0	MIN_SIZE
0		20	0	2	1			0	MIN_SIZE
0		21	0	2	2			0	MIN_SIZE
0		22	0	2	1			0	MIN_SIZE
0		23	0	2	2			0	MIN_SIZE
0		24	0	1	1			0	SINGLETON
0		25	0	1	1			0	SINGLETON
0		26	0	1	1			0	SINGLETON
