axis	value	scenarios	mean_family_f1	mean_hierarchy_f1	mean_event_accuracy	mean_orthology_f1	family_applicable_count	hierarchy_applicable_count	event_applicable_count	orthology_applicable_count	overall_applicable_count
divergence	0.05	81	0.7212205971760669	0.3577863470782733	0.00040982609223307417	0.025342380123709204	27	2	0	0	0
divergence	0.2	81	0.815605294184923	0.4575293948478369	0.002693537454365939	0.11351374925816105	24	0	0	0	0
divergence	0.4	81	0.7948058723997845	0.5437821919656844	0.006403709386668193	0.29266629198633753	12	2	0	0	0
duplication_rate	0.0	81	0.7773271102544904	0.4975522623047813	0.0	0.05238507939162205	25	3	0	0	0
duplication_rate	0.25	81	0.7829606049648942	0.4431013687331552	0.002966708172785143	0.16353972055800098	17	0	0	0	0
duplication_rate	0.5	81	0.7713440485413898	0.41844430285385825	0.0065403647604820635	0.21559762141858477	21	1	0	0	0
loss_rate	0.0	81	0.7910695885879511	0.4190524935703899	0.003297232886431972	0.17097583427205038	21	0	0	0	0
loss_rate	0.2	81	0.7755125675175284	0.44615844968215745	0.0026882295093325135	0.14379288313455676	18	0	0	0	0
loss_rate	0.4	81	0.765049607655295	0.4938869906392474	0.0035216105375027213	0.11675370396160065	24	4	0	0	0
expansion	1	81	0.9441636134667185	0.5165907430937744	0.0009831966974824119	0.09889986066168346	61	4	0	0	0
expansion	2	81	0.6979210194376563	0.4460550753953578	0.004948241406261538	0.15735865321043985	1	0	0	0	0
expansion	4	81	0.6895471308563996	0.39645211540266245	0.0035756348295232564	0.17526390749608448	1	0	0	0	0
fusion_rate	0.0	81	0.8001237466472657	0.49642988420674633	0.0034676567418834223	0.15627207382619288	21	3	0	0	0
fusion_rate	0.1	81	0.7676695103248238	0.4365850247384436	0.003397600320564001	0.13395836237294884	21	1	0	0	0
fusion_rate	0.25	81	0.7638385067886849	0.42608302494660477	0.002641815870819783	0.14129198516906608	21	0	0	0	0
