scenario_id	divergence	duplication_rate	expansion	fusion_rate	loss_rate	replicate	seed	family_f1	hierarchy_f1	event_accuracy	orthology_f1	family_applicable	hierarchy_applicable	event_applicable	orthology_applicable	overall_applicable
synthetic-a6daf9fec52c	0.05	0.0	1	0.0	0.0	0	42	1.0	0.5	0.0	0.0	True	False	False	False	False
synthetic-4c993381fb58	0.05	0.0	1	0.1	0.0	0	42	1.0	0.5	0.0	0.0	True	False	False	False	False
synthetic-cba71ecacacb	0.05	0.0	1	0.25	0.0	0	42	1.0	0.489795918367347	0.0	0.0	True	False	False	False	False
synthetic-662eea5de04b	0.05	0.0	2	0.0	0.0	0	42	0.6393442622950819	0.33628318584070793	0.0	0.12195121951219513	False	False	False	False	False
synthetic-00e0c55d0ed9	0.05	0.0	2	0.1	0.0	0	42	0.6262626262626263	0.3018867924528302	0.0	0.0	False	False	False	False	False
synthetic-f0ee4378ce1c	0.05	0.0	2	0.25	0.0	0	42	0.6170678336980306	0.2653061224489796	0.0	0.0	False	False	False	False	False
synthetic-838d72f14323	0.05	0.0	4	0.0	0.0	0	42	0.4448217317487266	0.24242424242424246	0.0	0.0	False	False	False	False	False
synthetic-153541f56f8d	0.05	0.0	4	0.1	0.0	0	42	0.5665914221218962	0.3287671232876712	0.0	0.0	False	False	False	False	False
synthetic-9e4cb533a988	0.05	0.0	4	0.25	0.0	0	42	0.544611819235226	0.3167420814479638	0.0	0.0273972602739726	False	False	False	False	False
synthetic-dcfa84867b7e	0.05	0.0	1	0.0	0.2	0	42	1.0	0.6	0.0	0.0	True	False	False	False	False
synthetic-0ee36cdd09b8	0.05	0.0	1	0.1	0.2	0	42	1.0	0.5789473684210525	0.0	0.0	True	False	False	False	False
synthetic-e0c6232b9958	0.05	0.0	1	0.25	0.2	0	42	1.0	0.6	0.0	0.0	True	False	False	False	False
synthetic-8a596930055c	0.05	0.0	2	0.0	0.2	0	42	0.6206896551724138	0.4090909090909091	0.0	0.0	False	False	False	False	False
synthetic-2d557266e0ad	0.05	0.0	2	0.1	0.2	0	42	0.6246056782334385	0.2857142857142857	0.0	0.0	False	False	False	False	False
synthetic-1387a534a6d2	0.05	0.0	2	0.25	0.2	0	42	0.6109090909090908	0.25641025641025644	0.0	0.0	False	False	False	False	False
synthetic-5cf598c8f442	0.05	0.0	4	0.0	0.2	0	42	0.5023400936037441	0.35	0.0	0.0	False	False	False	False	False
synthetic-a34c2368be33	0.05	0.0	4	0.1	0.2	0	42	0.44968944099378894	0.323699421965318	0.0	0.0	False	False	False	False	False
synthetic-9e0f48d8866b	0.05	0.0	4	0.25	0.2	0	42	0.589540412044374	0.3314917127071823	0.0	0.0	False	False	False	False	False
synthetic-bdfea90900ba	0.05	0.0	1	0.0	0.4	0	42	1.0	0.8695652173913044	0.0	0.0	True	True	False	False	False
synthetic-dc1539fb4941	0.05	0.0	1	0.1	0.4	0	42	1.0	0.8	0.0	0.0	True	True	False	False	False
synthetic-a4cea40b7138	0.05	0.0	1	0.25	0.4	0	42	1.0	0.6666666666666666	0.0	0.0	True	False	False	False	False
synthetic-c946d7e6f51a	0.05	0.0	2	0.0	0.4	0	42	0.6051282051282051	0.4	0.0	0.0	False	False	False	False	False
synthetic-add4d9384903	0.05	0.0	2	0.1	0.4	0	42	0.6162790697674418	0.4383561643835617	0.0	0.0	False	False	False	False	False
synthetic-f45da4cb0608	0.05	0.0	2	0.25	0.4	0	42	0.5844155844155844	0.4	0.0	0.0	False	False	False	False	False
synthetic-41f9fec341d8	0.05	0.0	4	0.0	0.4	0	42	0.4449339207048459	0.32478632478632474	0.0	0.034782608695652174	False	False	False	False	False
synthetic-24fdce157f94	0.05	0.0	4	0.1	0.4	0	42	0.32078559738134205	0.21818181818181817	0.0	0.08053691275167786	False	False	False	False	False
synthetic-fda819ecfd98	0.05	0.0	4	0.25	0.4	0	42	0.3503184713375796	0.1636363636363636	0.0	0.08917197452229299	False	False	False	False	False
synthetic-542f34d92368	0.05	0.25	1	0.0	0.0	0	42	1.0	0.41379310344827586	0.0	0.0	True	False	False	False	False
synthetic-0ab413b047c1	0.05	0.25	1	0.1	0.0	0	42	0.9539748953974896	0.33333333333333337	0.0	0.0	True	False	False	False	False
synthetic-09e9ea30c6a0	0.05	0.25	1	0.25	0.0	0	42	0.9855072463768115	0.3492063492063492	0.0	0.0	True	False	False	False	False
synthetic-0aef702e7fe2	0.05	0.25	2	0.0	0.0	0	42	0.7253668763102726	0.3687943262411348	0.0	0.0	False	False	False	False	False
synthetic-9aa28059a757	0.05	0.25	2	0.1	0.0	0	42	0.627039627039627	0.19354838709677416	0.0	0.0	False	False	False	False	False
synthetic-370c6bb8927f	0.05	0.25	2	0.25	0.0	0	42	0.5768194070080862	0.19117647058823528	0.0	0.11070110701107011	False	False	False	False	False
synthetic-f6ac7b8cf8ac	0.05	0.25	4	0.0	0.0	0	42	0.5227568270481143	0.28030303030303033	0.005235602094240838	0.017937219730941707	False	False	False	False	False
synthetic-d438a95bc727	0.05	0.25	4	0.1	0.0	0	42	0.5166835187057633	0.2348484848484849	0.0	0.03180914512922465	False	False	False	False	False
synthetic-83d2e1130762	0.05	0.25	4	0.25	0.0	0	42	0.6248108925869894	0.2945736434108527	0.0	0.0525164113785558	False	False	False	False	False
synthetic-5cda13d16bd1	0.05	0.25	1	0.0	0.2	0	42	0.9473684210526316	0.52	0.0	0.20253164556962025	True	False	False	False	False
synthetic-7270a4b743bf	0.05	0.25	1	0.1	0.2	0	42	0.9781021897810218	0.45454545454545453	0.0	0.0	True	False	False	False	False
synthetic-b35c27aa5f2d	0.05	0.25	1	0.25	0.2	0	42	1.0	0.4444444444444445	0.0	0.0	True	False	False	False	False
synthetic-f1f8db1c1e15	0.05	0.25	2	0.0	0.2	0	42	0.7268041237113402	0.4285714285714285	0.0	0.0	False	False	False	False	False
synthetic-7f51bf494f8e	0.05	0.25	2	0.1	0.2	0	42	0.6083333333333334	0.2285714285714286	0.0	0.0	False	False	False	False	False
synthetic-54f628abc83c	0.05	0.25	2	0.25	0.2	0	42	0.5834932821497121	0.3053435114503817	0.0	0.11428571428571427	False	False	False	False	False
synthetic-d99de8e3cfd4	0.05	0.25	4	0.0	0.2	0	42	0.6824644549763035	0.33913043478260874	0.006024096385542169	0.10942249240121579	False	False	False	False	False
synthetic-07d6636fcb4f	0.05	0.25	4	0.1	0.2	0	42	0.5778210116731517	0.23148148148148145	0.0	0.0	False	False	False	False	False
synthetic-3bc6013ac813	0.05	0.25	4	0.25	0.2	0	42	0.6026289180990899	0.25	0.0	0.050793650793650794	False	False	False	False	False
synthetic-7a2b93b25b8d	0.05	0.25	1	0.0	0.4	0	42	1.0	0.631578947368421	0.0	0.0	True	False	False	False	False
synthetic-c1cc89e16ebf	0.05	0.25	1	0.1	0.4	0	42	0.9425287356321839	0.5294117647058825	0.0	0.0	True	False	False	False	False
synthetic-9db66ea9d52a	0.05	0.25	1	0.25	0.4	0	42	0.9545454545454545	0.5238095238095238	0.0	0.0	True	False	False	False	False
synthetic-9a0d52b6f6dd	0.05	0.25	2	0.0	0.4	0	42	0.6701570680628273	0.45714285714285713	0.0	0.0	False	False	False	False	False
synthetic-50856253c7af	0.05	0.25	2	0.1	0.4	0	42	0.5941422594142259	0.33333333333333326	0.0	0.0	False	False	False	False	False
synthetic-0dfe5b3e10e9	0.05	0.25	2	0.25	0.4	0	42	0.6745098039215687	0.3783783783783784	0.0	0.0	False	False	False	False	False
synthetic-ac48973e21ec	0.05	0.25	4	0.0	0.4	0	42	0.7324675324675324	0.3157894736842105	0.0	0.0	False	False	False	False	False
synthetic-88d04f68bb40	0.05	0.25	4	0.1	0.4	0	42	0.4951456310679611	0.24817518248175183	0.0	0.0	False	False	False	False	False
synthetic-149f6273ea74	0.05	0.25	4	0.25	0.4	0	42	0.6327868852459017	0.29577464788732394	0.0	0.0	False	False	False	False	False
synthetic-3b081ecc3311	0.05	0.5	1	0.0	0.0	0	42	1.0	0.3287671232876712	0.0	0.0	True	False	False	False	False
synthetic-b8b8819bc165	0.05	0.5	1	0.1	0.0	0	42	0.986522911051213	0.3055555555555556	0.0	0.0	True	False	False	False	False
synthetic-aedab1393387	0.05	0.5	1	0.25	0.0	0	42	1.0	0.33333333333333337	0.0	0.0	True	False	False	False	False
synthetic-cb4e77ebf6c6	0.05	0.5	2	0.0	0.0	0	42	0.6459259259259259	0.384180790960452	0.008620689655172414	0.03692307692307692	False	False	False	False	False
synthetic-d27f237f2556	0.05	0.5	2	0.1	0.0	0	42	0.5711060948081265	0.225	0.008620689655172414	0.12607449856733527	False	False	False	False	False
synthetic-5bb72fab22ae	0.05	0.5	2	0.25	0.0	0	42	0.6124721603563474	0.19631901840490798	0.0	0.0	False	False	False	False	False
synthetic-01d3897a7c8d	0.05	0.5	4	0.0	0.0	0	42	0.6314710404920554	0.28402366863905326	0.0	0.18848167539267016	False	False	False	False	False
synthetic-69bfeae47021	0.05	0.5	4	0.1	0.0	0	42	0.6003159557661928	0.264516129032258	0.0	0.09191759112519811	False	False	False	False	False
synthetic-6a977d996742	0.05	0.5	4	0.25	0.0	0	42	0.6282118510749868	0.2735562310030395	0.0	0.13603473227206947	False	False	False	False	False
synthetic-72ed70baea4a	0.05	0.5	1	0.0	0.2	0	42	0.9844961240310077	0.36666666666666664	0.0	0.0	True	False	False	False	False
synthetic-103e0a3da4de	0.05	0.5	1	0.1	0.2	0	42	0.9441624365482234	0.3333333333333333	0.0	0.0	True	False	False	False	False
synthetic-13ca1f1710d0	0.05	0.5	1	0.25	0.2	0	42	0.9056603773584906	0.32142857142857145	0.0	0.0	True	False	False	False	False
synthetic-2bd720a99a97	0.05	0.5	2	0.0	0.2	0	42	0.8046421663442941	0.375	0.0	0.0	False	False	False	False	False
synthetic-c026b970ff9d	0.05	0.5	2	0.1	0.2	0	42	0.6318681318681318	0.1864406779661017	0.0	0.0	False	False	False	False	False
synthetic-d79a91cd9259	0.05	0.5	2	0.25	0.2	0	42	0.5884016973125884	0.19696969696969696	0.0	0.0	False	False	False	False	False
synthetic-e19348968c74	0.05	0.5	4	0.0	0.2	0	42	0.6646884272997032	0.29304029304029305	0.0	0.06765327695560254	False	False	False	False	False
synthetic-9d199f7d192a	0.05	0.5	4	0.1	0.2	0	42	0.4869472562599893	0.2066115702479339	0.004694835680751174	0.0	False	False	False	False	False
synthetic-58e39eb1d822	0.05	0.5	4	0.25	0.2	0	42	0.5186206896551724	0.1796875	0.0	0.0	False	False	False	False	False
synthetic-ac0f92042005	0.05	0.5	1	0.0	0.4	0	42	0.9189189189189189	0.5238095238095238	0.0	0.15384615384615385	True	False	False	False	False
synthetic-28ff31384fbe	0.05	0.5	1	0.1	0.4	0	42	0.9078947368421052	0.326530612244898	0.0	0.0	True	False	False	False	False
synthetic-7e604b6d3474	0.05	0.5	1	0.25	0.4	0	42	0.9793103448275862	0.4444444444444445	0.0	0.0	True	False	False	False	False
synthetic-7f403f68ced1	0.05	0.5	2	0.0	0.4	0	42	0.6829268292682926	0.39215686274509803	0.0	0.0	False	False	False	False	False
synthetic-2aaf91eed9f1	0.05	0.5	2	0.1	0.4	0	42	0.6808510638297872	0.30952380952380953	0.0	0.08247422680412372	False	False	False	False	False
synthetic-f6975def1802	0.05	0.5	2	0.25	0.4	0	42	0.6448598130841121	0.16494845360824745	0.0	0.0	False	False	False	False	False
synthetic-d2d05ec0eae1	0.05	0.5	4	0.0	0.4	0	42	0.6527958387516255	0.32786885245901637	0.0	0.0784313725490196	False	False	False	False	False
synthetic-ae32632a3633	0.05	0.5	4	0.1	0.4	0	42	0.5717391304347826	0.2755102040816327	0.0	0.04705882352941176	False	False	False	False	False
synthetic-77d69f7f17a8	0.05	0.5	4	0.25	0.4	0	42	0.47946513849092653	0.28865979381443296	0.0	0.0	False	False	False	False	False
synthetic-6a10d7f0ca79	0.2	0.0	1	0.0	0.0	0	42	1.0	0.5	0.0	0.0	True	False	False	False	False
synthetic-649e745afea6	0.2	0.0	1	0.1	0.0	0	42	1.0	0.5	0.0	0.0	True	False	False	False	False
synthetic-fb149a5eddef	0.2	0.0	1	0.25	0.0	0	42	1.0	0.48	0.0	0.0	True	False	False	False	False
synthetic-39aa1e04ca77	0.2	0.0	2	0.0	0.0	0	42	0.7294117647058823	0.5333333333333333	0.0	0.05405405405405406	False	False	False	False	False
synthetic-17801e7b8039	0.2	0.0	2	0.1	0.0	0	42	0.7210031347962383	0.4754098360655738	0.0	0.05405405405405406	False	False	False	False	False
synthetic-adf35cac5da2	0.2	0.0	2	0.25	0.0	0	42	0.6437346437346436	0.39252336448598124	0.0	0.05405405405405406	False	False	False	False	False
synthetic-b86e9715408a	0.2	0.0	4	0.0	0.0	0	42	0.84472049689441	0.38009049773755654	0.0	0.05405405405405406	False	False	False	False	False
synthetic-23fc13fa33f9	0.2	0.0	4	0.1	0.0	0	42	0.6786171574903969	0.3438914027149321	0.0	0.0	False	False	False	False	False
synthetic-e28490541ed0	0.2	0.0	4	0.25	0.0	0	42	0.7827476038338659	0.36752136752136755	0.0	0.05405405405405406	False	False	False	False	False
synthetic-d9cde0e5e471	0.2	0.0	1	0.0	0.2	0	42	1.0	0.6153846153846153	0.0	0.0	True	False	False	False	False
synthetic-0b3434f9ddfe	0.2	0.0	1	0.1	0.2	0	42	1.0	0.631578947368421	0.0	0.0	True	False	False	False	False
synthetic-cd99f927151a	0.2	0.0	1	0.25	0.2	0	42	1.0	0.5945945945945945	0.0	0.0	True	False	False	False	False
synthetic-ea4871fe5c43	0.2	0.0	2	0.0	0.2	0	42	0.7272727272727273	0.5116279069767442	0.0	0.0	False	False	False	False	False
synthetic-4198b130598a	0.2	0.0	2	0.1	0.2	0	42	0.6511627906976745	0.32653061224489793	0.0	0.0	False	False	False	False	False
synthetic-1476fa9439f7	0.2	0.0	2	0.25	0.2	0	42	0.6694915254237288	0.441860465116279	0.0	0.0	False	False	False	False	False
synthetic-d02ab3ad0011	0.2	0.0	4	0.0	0.2	0	42	0.7379454926624737	0.36158192090395486	0.0	0.05882352941176471	False	False	False	False	False
synthetic-9a9af896e801	0.2	0.0	4	0.1	0.2	0	42	0.7204724409448819	0.45054945054945056	0.0	0.0	False	False	False	False	False
synthetic-e31ec31d6da8	0.2	0.0	4	0.25	0.2	0	42	0.8027522935779817	0.4270833333333333	0.0	0.0	False	False	False	False	False
synthetic-70e8d7d6a24e	0.2	0.0	1	0.0	0.4	0	42	1.0	0.6451612903225806	0.0	0.0	True	False	False	False	False
synthetic-b361d17847e3	0.2	0.0	1	0.1	0.4	0	42	1.0	0.7857142857142858	0.0	0.0	True	False	False	False	False
synthetic-45518b954046	0.2	0.0	1	0.25	0.4	0	42	1.0	0.6923076923076924	0.0	0.0	True	False	False	False	False
synthetic-55c768313314	0.2	0.0	2	0.0	0.4	0	42	0.7142857142857143	0.5789473684210527	0.0	0.0	False	False	False	False	False
synthetic-4a8f0915f99e	0.2	0.0	2	0.1	0.4	0	42	0.7682926829268294	0.5853658536585366	0.0	0.0	False	False	False	False	False
synthetic-d1bd6aa1291a	0.2	0.0	2	0.25	0.4	0	42	0.7165775401069518	0.55	0.0	0.0	False	False	False	False	False
synthetic-a0fbe37419e2	0.2	0.0	4	0.0	0.4	0	42	0.7163120567375887	0.48000000000000004	0.0	0.0	False	False	False	False	False
synthetic-ca61ca9fcbf6	0.2	0.0	4	0.1	0.4	0	42	0.7543859649122806	0.5245901639344263	0.0	0.08421052631578947	False	False	False	False	False
synthetic-e256b389fb46	0.2	0.0	4	0.25	0.4	0	42	0.4975124378109453	0.3389830508474576	0.0	0.0	False	False	False	False	False
synthetic-eb5b129c5687	0.2	0.25	1	0.0	0.0	0	42	1.0	0.3870967741935484	0.0	0.0	True	False	False	False	False
synthetic-94296e336801	0.2	0.25	1	0.1	0.0	0	42	1.0	0.38095238095238093	0.0	0.0	True	False	False	False	False
synthetic-75bde26318d2	0.2	0.25	1	0.25	0.0	0	42	1.0	0.3934426229508196	0.0	0.0	True	False	False	False	False
synthetic-59075cc9ab44	0.2	0.25	2	0.0	0.0	0	42	0.8484848484848485	0.5771812080536913	0.0	0.2711864406779661	False	False	False	False	False
synthetic-46bdf82b7369	0.2	0.25	2	0.1	0.0	0	42	0.6825633383010431	0.37333333333333335	0.01	0.06400000000000002	False	False	False	False	False
synthetic-30f05b1de00f	0.2	0.25	2	0.25	0.0	0	42	0.6039783001808319	0.27972027972027974	0.0	0.16153846153846152	False	False	False	False	False
synthetic-fcb3fee78da3	0.2	0.25	4	0.0	0.0	0	42	0.8303571428571429	0.38827838827838823	0.005405405405405406	0.11160714285714286	False	False	False	False	False
synthetic-7059e510a0f9	0.2	0.25	4	0.1	0.0	0	42	0.8246968026460859	0.41911764705882354	0.0	0.24628450106157113	False	False	False	False	False
synthetic-51add65e2076	0.2	0.25	4	0.25	0.0	0	42	0.8689320388349514	0.42857142857142855	0.0	0.20131291028446388	False	False	False	False	False
synthetic-7ac6b37dadd9	0.2	0.25	1	0.0	0.2	0	42	0.8909090909090909	0.6808510638297872	0.0	0.36923076923076925	False	False	False	False	False
synthetic-43605b36bf6e	0.2	0.25	1	0.1	0.2	0	42	0.8982035928143712	0.423076923076923	0.0	0.09523809523809523	False	False	False	False	False
synthetic-aa7ce2a7dc87	0.2	0.25	1	0.25	0.2	0	42	0.8840579710144928	0.40816326530612246	0.0	0.11267605633802817	False	False	False	False	False
synthetic-6339d106cf2b	0.2	0.25	2	0.0	0.2	0	42	0.8563968668407311	0.44827586206896547	0.0	0.0	False	False	False	False	False
synthetic-19563d53ac54	0.2	0.25	2	0.1	0.2	0	42	0.7119565217391305	0.453781512605042	0.0	0.16568047337278105	False	False	False	False	False
synthetic-c4a6b0255370	0.2	0.25	2	0.25	0.2	0	42	0.6472019464720195	0.49253731343283574	0.011363636363636364	0.3269230769230769	False	False	False	False	False
synthetic-5e6c2a97f23a	0.2	0.25	4	0.0	0.2	0	42	0.8410104011887074	0.45132743362831856	0.006369426751592357	0.22686567164179103	False	False	False	False	False
synthetic-3c1354ab7e7c	0.2	0.25	4	0.1	0.2	0	42	0.6862745098039217	0.36363636363636365	0.0	0.14521452145214522	False	False	False	False	False
synthetic-69b82b1ab3fb	0.2	0.25	4	0.25	0.2	0	42	0.8006644518272424	0.4502164502164503	0.00684931506849315	0.1258741258741259	False	False	False	False	False
synthetic-307f795029ef	0.2	0.25	1	0.0	0.4	0	42	1.0	0.625	0.0	0.0	True	False	False	False	False
synthetic-9c931ba7875c	0.2	0.25	1	0.1	0.4	0	42	0.8219178082191781	0.4375	0.0	0.0	False	False	False	False	False
synthetic-a0394848b51c	0.2	0.25	1	0.25	0.4	0	42	0.983050847457627	0.46511627906976755	0.0	0.0	True	False	False	False	False
synthetic-1ea801015ec3	0.2	0.25	2	0.0	0.4	0	42	0.8863636363636362	0.617283950617284	0.0	0.09523809523809523	False	False	False	False	False
synthetic-2c2ebfe0243c	0.2	0.25	2	0.1	0.4	0	42	0.6666666666666667	0.41463414634146345	0.0	0.20454545454545456	False	False	False	False	False
synthetic-cc2f3514caf3	0.2	0.25	2	0.25	0.4	0	42	0.6615969581749049	0.4597701149425288	0.0	0.26666666666666666	False	False	False	False	False
synthetic-0fe5c7dbb04b	0.2	0.25	4	0.0	0.4	0	42	0.7679671457905545	0.42603550295857984	0.0	0.10928961748633878	False	False	False	False	False
synthetic-e526d323ffbb	0.2	0.25	4	0.1	0.4	0	42	0.519134775374376	0.389261744966443	0.008695652173913044	0.05063291139240507	False	False	False	False	False
synthetic-3958e636bcea	0.2	0.25	4	0.25	0.4	0	42	0.6252983293556087	0.5149700598802396	0.0	0.40384615384615385	False	False	False	False	False
synthetic-17e357510ea7	0.2	0.5	1	0.0	0.0	0	42	0.9779005524861878	0.35135135135135137	0.0	0.09467455621301774	True	False	False	False	False
synthetic-cb3de910a58a	0.2	0.5	1	0.1	0.0	0	42	1.0	0.31578947368421056	0.0	0.0	True	False	False	False	False
synthetic-b87e5d674e81	0.2	0.5	1	0.25	0.0	0	42	0.9384615384615386	0.4285714285714286	0.019230769230769232	0.23645320197044334	True	False	False	False	False
synthetic-3763545c3e57	0.2	0.5	2	0.0	0.0	0	42	0.7994722955145119	0.46408839779005523	0.00819672131147541	0.30379746835443033	False	False	False	False	False
synthetic-ae23d563b9f7	0.2	0.5	2	0.1	0.0	0	42	0.8125786163522013	0.46938775510204084	0.022900763358778626	0.2979683972911964	False	False	False	False	False
synthetic-6053c3cdf697	0.2	0.5	2	0.25	0.0	0	42	0.6434023991275899	0.29239766081871343	0.01639344262295082	0.11666666666666667	False	False	False	False	False
synthetic-523b8305c8f3	0.2	0.5	4	0.0	0.0	0	42	0.7781392322706571	0.35649546827794565	0.012605042016806723	0.2445054945054945	False	False	False	False	False
synthetic-3c62d82e5239	0.2	0.5	4	0.1	0.0	0	42	0.9140271493212668	0.3625377643504532	0.0	0.19767441860465118	True	False	False	False	False
synthetic-65e4ae3fe434	0.2	0.5	4	0.25	0.0	0	42	0.7908689248895434	0.369047619047619	0.012987012987012988	0.28	False	False	False	False	False
synthetic-e34bbac781ec	0.2	0.5	1	0.0	0.2	0	42	0.8555555555555555	0.6101694915254237	0.0	0.4684684684684685	False	False	False	False	False
synthetic-2151a18970c5	0.2	0.5	1	0.1	0.2	0	42	0.972972972972973	0.3673469387755102	0.0	0.0	True	False	False	False	False
synthetic-180078b38083	0.2	0.5	1	0.25	0.2	0	42	0.9519230769230769	0.4333333333333334	0.0	0.08247422680412372	True	False	False	False	False
synthetic-fdc1bab6731f	0.2	0.5	2	0.0	0.2	0	42	0.790035587188612	0.4296296296296296	0.0	0.05633802816901409	False	False	False	False	False
synthetic-39b8c722d4b1	0.2	0.5	2	0.1	0.2	0	42	0.748792270531401	0.5241379310344828	0.021052631578947368	0.24880382775119617	False	False	False	False	False
synthetic-99c0b0137f4e	0.2	0.5	2	0.25	0.2	0	42	0.7700534759358288	0.4	0.0	0.27737226277372257	False	False	False	False	False
synthetic-67704ef786ac	0.2	0.5	4	0.0	0.2	0	42	0.834307992202729	0.4113475177304965	0.0	0.2625482625482626	False	False	False	False	False
synthetic-898e5a9711c6	0.2	0.5	4	0.1	0.2	0	42	0.7933579335793357	0.32432432432432434	0.0045871559633027525	0.18773946360153254	False	False	False	False	False
synthetic-2a37dc23f099	0.2	0.5	4	0.25	0.2	0	42	0.7577092511013216	0.411764705882353	0.010582010582010581	0.28635346756152125	False	False	False	False	False
synthetic-1d00ab7fa1af	0.2	0.5	1	0.0	0.4	0	42	0.9270833333333333	0.6206896551724138	0.0	0.2857142857142857	True	False	False	False	False
synthetic-8b78fb6908d3	0.2	0.5	1	0.1	0.4	0	42	0.9302325581395349	0.34782608695652173	0.0	0.0	True	False	False	False	False
synthetic-032a80dc3d65	0.2	0.5	1	0.25	0.4	0	42	0.9681528662420382	0.47826086956521735	0.0	0.0	True	False	False	False	False
synthetic-d0abd8aa5a95	0.2	0.5	2	0.0	0.4	0	42	0.9053497942386831	0.5794392523364486	0.0	0.14159292035398233	True	False	False	False	False
synthetic-465ec3948efe	0.2	0.5	2	0.1	0.4	0	42	0.6561264822134386	0.4523809523809524	0.015873015873015872	0.24528301886792453	False	False	False	False	False
synthetic-d6c111001ada	0.2	0.5	2	0.25	0.4	0	42	0.7012987012987012	0.44660194174757284	0.0	0.14285714285714288	False	False	False	False	False
synthetic-b2d1834afd70	0.2	0.5	4	0.0	0.4	0	42	0.6320224719101124	0.418848167539267	0.012738853503184714	0.288	False	False	False	False	False
synthetic-3a0d6fb66977	0.2	0.5	4	0.1	0.4	0	42	0.8255959849435383	0.3584905660377359	0.0	0.05228758169934641	False	False	False	False	False
synthetic-a8d1cca85447	0.2	0.5	4	0.25	0.4	0	42	0.704225352112676	0.37185929648241206	0.012345679012345678	0.22988505747126436	False	False	False	False	False
synthetic-843b3de1d6a7	0.4	0.0	1	0.0	0.0	0	42	0.9411764705882353	0.6153846153846153	0.0	0.19999999999999998	True	False	False	False	False
synthetic-aa424af5afe2	0.4	0.0	1	0.1	0.0	0	42	0.8750000000000001	0.6909090909090909	0.0	0.2857142857142857	False	False	False	False	False
synthetic-e5b30974f182	0.4	0.0	1	0.25	0.0	0	42	0.9090909090909091	0.6153846153846153	0.0	0.10526315789473684	True	False	False	False	False
synthetic-d3c401b2d2e2	0.4	0.0	2	0.0	0.0	0	42	0.8090614886731392	0.5333333333333333	0.0	0.05405405405405406	False	False	False	False	False
synthetic-1807ffad15d5	0.4	0.0	2	0.1	0.0	0	42	0.7112970711297071	0.7034482758620689	0.0	0.3636363636363636	False	False	False	False	False
synthetic-6ec73d2d74a8	0.4	0.0	2	0.25	0.0	0	42	0.6835443037974683	0.6711409395973155	0.0	0.4	False	False	False	False	False
synthetic-bc46ff3e17ee	0.4	0.0	4	0.0	0.0	0	42	0.8283582089552239	0.5245901639344261	0.0	0.23529411764705882	False	False	False	False	False
synthetic-54ae09f29f75	0.4	0.0	4	0.1	0.0	0	42	0.8343313373253494	0.6403162055335969	0.0	0.3636363636363636	False	False	False	False	False
synthetic-8338a3637617	0.4	0.0	4	0.25	0.0	0	42	0.8096000000000001	0.3103448275862069	0.0	0.07792207792207792	False	False	False	False	False
synthetic-dfa9ad37773b	0.4	0.0	1	0.0	0.2	0	42	0.9722222222222222	0.6060606060606061	0.0	0.0	True	False	False	False	False
synthetic-e6d9bf69d32a	0.4	0.0	1	0.1	0.2	0	42	0.9411764705882353	0.6190476190476191	0.0	0.13793103448275862	True	False	False	False	False
synthetic-28e40548f1da	0.4	0.0	1	0.25	0.2	0	42	0.8518518518518519	0.47826086956521735	0.0	0.13559322033898305	False	False	False	False	False
synthetic-a1144435a045	0.4	0.0	2	0.0	0.2	0	42	0.6851851851851852	0.5233644859813084	0.0	0.21311475409836064	False	False	False	False	False
synthetic-f9e12d182048	0.4	0.0	2	0.1	0.2	0	42	0.7853403141361256	0.4680851063829787	0.0	0.0	False	False	False	False	False
synthetic-ad8c31d71da1	0.4	0.0	2	0.25	0.2	0	42	0.8242424242424243	0.6526315789473685	0.0	0.17204301075268816	False	False	False	False	False
synthetic-24534840d479	0.4	0.0	4	0.0	0.2	0	42	0.7696335078534031	0.5425531914893617	0.0	0.18604651162790697	False	False	False	False	False
synthetic-982d910fc6d5	0.4	0.0	4	0.1	0.2	0	42	0.889487870619946	0.4808743169398907	0.0	0.0418848167539267	False	False	False	False	False
synthetic-845246047039	0.4	0.0	4	0.25	0.2	0	42	0.8158640226628896	0.48863636363636365	0.0	0.12371134020618557	False	False	False	False	False
synthetic-0ff6528d646d	0.4	0.0	1	0.0	0.4	0	42	1.0	0.9	0.0	0.0	True	True	False	False	False
synthetic-194855010f9e	0.4	0.0	1	0.1	0.4	0	42	0.9411764705882353	0.631578947368421	0.0	0.0	True	False	False	False	False
synthetic-a19da199adb7	0.4	0.0	1	0.25	0.4	0	42	1.0	0.7096774193548387	0.0	0.0	True	False	False	False	False
synthetic-644498a052dd	0.4	0.0	2	0.0	0.4	0	42	0.6595744680851064	0.5818181818181818	0.0	0.0	False	False	False	False	False
synthetic-795499e950e0	0.4	0.0	2	0.1	0.4	0	42	0.7058823529411764	0.5277777777777778	0.0	0.07272727272727272	False	False	False	False	False
synthetic-b3df494c16fc	0.4	0.0	2	0.25	0.4	0	42	0.6666666666666667	0.5074626865671642	0.0	0.0	False	False	False	False	False
synthetic-979f131d1285	0.4	0.0	4	0.0	0.4	0	42	0.8634361233480177	0.5352112676056338	0.0	0.06666666666666667	False	False	False	False	False
synthetic-d03af79cf63c	0.4	0.0	4	0.1	0.4	0	42	0.7873303167420815	0.49206349206349215	0.0	0.08080808080808081	False	False	False	False	False
synthetic-1f22c7ac6c74	0.4	0.0	4	0.25	0.4	0	42	0.7679324894514767	0.4393939393939394	0.0	0.15999999999999998	False	False	False	False	False
synthetic-642169493c95	0.4	0.25	1	0.0	0.0	0	42	0.8725490196078431	0.5454545454545454	0.0	0.3969465648854962	False	False	False	False	False
synthetic-a95995367a67	0.4	0.25	1	0.1	0.0	0	42	0.898876404494382	0.3714285714285715	0.0	0.24324324324324326	False	False	False	False	False
synthetic-f4933438a6b0	0.4	0.25	1	0.25	0.0	0	42	0.8737864077669902	0.45454545454545453	0.0	0.3174603174603175	False	False	False	False	False
synthetic-d504f5f0b09a	0.4	0.25	2	0.0	0.0	0	42	0.7931034482758621	0.6976744186046512	0.020833333333333332	0.5016949152542373	False	False	False	False	False
synthetic-563f73dc6eed	0.4	0.25	2	0.1	0.0	0	42	0.8987341772151899	0.4836601307189542	0.0	0.2666666666666667	False	False	False	False	False
synthetic-3d29bf5c826b	0.4	0.25	2	0.25	0.0	0	42	0.7925407925407926	0.5521472392638037	0.0	0.40138408304498274	False	False	False	False	False
synthetic-7dff79af726b	0.4	0.25	4	0.0	0.0	0	42	0.8424507658643325	0.4736842105263159	0.0	0.28774422735346356	False	False	False	False	False
synthetic-f768a7603da5	0.4	0.25	4	0.1	0.0	0	42	0.6816786079836233	0.4370860927152318	0.010471204188481676	0.4604810996563574	False	False	False	False	False
synthetic-abd773a2fd7e	0.4	0.25	4	0.25	0.0	0	42	0.7533936651583709	0.45454545454545453	0.0	0.44797178130511456	False	False	False	False	False
synthetic-a68aa60cfa3d	0.4	0.25	1	0.0	0.2	0	42	0.9344262295081968	0.6222222222222222	0.0	0.125	True	False	False	False	False
synthetic-4b3ca0be3720	0.4	0.25	1	0.1	0.2	0	42	0.8412698412698413	0.44	0.0	0.17647058823529413	False	False	False	False	False
synthetic-1d093dce668b	0.4	0.25	1	0.25	0.2	0	42	0.9518072289156626	0.3673469387755102	0.0	0.0	True	False	False	False	False
synthetic-435211f79bd8	0.4	0.25	2	0.0	0.2	0	42	0.7499999999999999	0.5954198473282443	0.0	0.41379310344827586	False	False	False	False	False
synthetic-9f08b83c6b30	0.4	0.25	2	0.1	0.2	0	42	0.7380073800738006	0.6906474820143885	0.01282051282051282	0.5658536585365853	False	False	False	False	False
synthetic-9e759c9abd3d	0.4	0.25	2	0.25	0.2	0	42	0.6749379652605458	0.5548387096774193	0.02197802197802198	0.4488188976377952	False	False	False	False	False
synthetic-fb0f7a3ba8f4	0.4	0.25	4	0.0	0.2	0	42	0.8327974276527331	0.512	0.0	0.3650793650793651	False	False	False	False	False
synthetic-2af17109062e	0.4	0.25	4	0.1	0.2	0	42	0.7327102803738319	0.6113207547169811	0.0	0.5547445255474452	False	False	False	False	False
synthetic-ef114fa0b14f	0.4	0.25	4	0.25	0.2	0	42	0.6934865900383141	0.5038167938931298	0.0064516129032258064	0.5038560411311054	False	False	False	False	False
synthetic-2d410880d9d9	0.4	0.25	1	0.0	0.4	0	42	0.888888888888889	0.627450980392157	0.04	0.2285714285714286	False	False	False	False	False
synthetic-63195139ddd9	0.4	0.25	1	0.1	0.4	0	42	0.9066666666666667	0.45833333333333337	0.0	0.15789473684210528	True	False	False	False	False
synthetic-8678914c3eeb	0.4	0.25	1	0.25	0.4	0	42	0.8285714285714285	0.7058823529411765	0.0	0.4186046511627907	False	False	False	False	False
synthetic-dd91c0f82ab9	0.4	0.25	2	0.0	0.4	0	42	0.6904761904761905	0.38888888888888895	0.0	0.08450704225352113	False	False	False	False	False
synthetic-effd3f7d7156	0.4	0.25	2	0.1	0.4	0	42	0.7093023255813954	0.5581395348837209	0.03636363636363636	0.30107526881720426	False	False	False	False	False
synthetic-bfb16b1757cb	0.4	0.25	2	0.25	0.4	0	42	0.8222222222222223	0.5263157894736843	0.01694915254237288	0.19801980198019803	False	False	False	False	False
synthetic-b5cf8b8acb80	0.4	0.25	4	0.0	0.4	0	42	0.7450199203187251	0.5221674876847291	0.014492753623188406	0.3162055335968379	False	False	False	False	False
synthetic-89daace86a1f	0.4	0.25	4	0.1	0.4	0	42	0.7675070028011204	0.5474860335195532	0.0	0.3943661971830986	False	False	False	False	False
synthetic-f5dc5046e4b7	0.4	0.25	4	0.25	0.4	0	42	0.7606557377049181	0.4645161290322581	0.0	0.22641509433962267	False	False	False	False	False
synthetic-88db264ce4d6	0.4	0.5	1	0.0	0.0	0	42	0.8066666666666666	0.5517241379310346	0.0	0.5420560747663552	False	False	False	False	False
synthetic-cfe4591f52b6	0.4	0.5	1	0.1	0.0	0	42	0.8967551622418879	0.41025641025641024	0.0	0.31088082901554404	False	False	False	False	False
synthetic-c67818d71139	0.4	0.5	1	0.25	0.0	0	42	0.8231707317073171	0.4705882352941176	0.02040816326530612	0.4299065420560748	False	False	False	False	False
synthetic-099169ce3500	0.4	0.5	2	0.0	0.0	0	42	0.8544	0.5280898876404495	0.008620689655172414	0.3699731903485255	False	False	False	False	False
synthetic-8f820e242ab2	0.4	0.5	2	0.1	0.0	0	42	0.5909980430528375	0.6790697674418605	0.0423728813559322	0.6912065439672802	False	False	False	False	False
synthetic-6ba901ce21a5	0.4	0.5	2	0.25	0.0	0	42	0.6644628099173553	0.4444444444444444	0.0	0.5097192224622029	False	False	False	False	False
synthetic-aaa7cf6cd177	0.4	0.5	4	0.0	0.0	0	42	0.7622203811101905	0.4972677595628415	0.0	0.47980997624703087	False	False	False	False	False
synthetic-54f600b10535	0.4	0.5	4	0.1	0.0	0	42	0.7772020725388601	0.5041095890410958	0.012987012987012988	0.5096153846153846	False	False	False	False	False
synthetic-04e71c978013	0.4	0.5	4	0.25	0.0	0	42	0.7304048234280791	0.5364583333333334	0.0211864406779661	0.5570776255707762	False	False	False	False	False
synthetic-00e7515b6390	0.4	0.5	1	0.0	0.2	0	42	0.8720930232558141	0.5172413793103448	0.0	0.3404255319148936	False	False	False	False	False
synthetic-e913b1fdf442	0.4	0.5	1	0.1	0.2	0	42	0.8059701492537313	0.5185185185185185	0.0	0.35	False	False	False	False	False
synthetic-15f66a9bfa05	0.4	0.5	1	0.25	0.2	0	42	0.7713004484304933	0.42857142857142855	0.0	0.3142857142857143	False	False	False	False	False
synthetic-2d997bb50815	0.4	0.5	2	0.0	0.2	0	42	0.5616045845272206	0.7044025157232705	0.031914893617021274	0.7006369426751593	False	False	False	False	False
synthetic-668f6d6f5e19	0.4	0.5	2	0.1	0.2	0	42	0.7688022284122563	0.4925373134328359	0.011235955056179775	0.3238095238095238	False	False	False	False	False
synthetic-347c52005043	0.4	0.5	2	0.25	0.2	0	42	0.4884667571234735	0.367816091954023	0.009259259259259259	0.20253164556962025	False	False	False	False	False
synthetic-12438543bcff	0.4	0.5	4	0.0	0.2	0	42	0.7470449172576832	0.6050955414012739	0.03827751196172249	0.555008210180624	False	False	False	False	False
synthetic-a88931df7798	0.4	0.5	4	0.1	0.2	0	42	0.6997840172786177	0.39072847682119205	0.014285714285714285	0.2737226277372263	False	False	False	False	False
synthetic-75ce40c27046	0.4	0.5	4	0.25	0.2	0	42	0.782246879334258	0.5154639175257733	0.0	0.38155136268343814	False	False	False	False	False
synthetic-de163fc3da43	0.4	0.5	1	0.0	0.4	0	42	0.7346938775510204	0.8163265306122449	0.0	0.6933333333333334	False	True	False	False	False
synthetic-06600c0ee676	0.4	0.5	1	0.1	0.4	0	42	0.9777777777777777	0.5128205128205129	0.0	0.0	True	False	False	False	False
synthetic-a1e859008778	0.4	0.5	1	0.25	0.4	0	42	0.970873786407767	0.47058823529411764	0.0	0.0	True	False	False	False	False
synthetic-20cbad2e9f94	0.4	0.5	2	0.0	0.4	0	42	0.7912087912087912	0.5	0.017241379310344827	0.30927835051546393	False	False	False	False	False
synthetic-54de1558c677	0.4	0.5	2	0.1	0.4	0	42	0.73109243697479	0.6260869565217392	0.025974025974025976	0.5833333333333334	False	False	False	False	False
synthetic-3ed5798b42ae	0.4	0.5	2	0.25	0.4	0	42	0.7524752475247525	0.5925925925925926	0.022222222222222223	0.45714285714285713	False	False	False	False	False
synthetic-25af468bb59d	0.4	0.5	4	0.0	0.4	0	42	0.659919028340081	0.6311111111111111	0.04430379746835443	0.48484848484848486	False	False	False	False	False
synthetic-7e1d60bc67eb	0.4	0.5	4	0.1	0.4	0	42	0.6486486486486487	0.5800865800865801	0.012269938650306749	0.5414364640883979	False	False	False	False	False
synthetic-239f5f50d88d	0.4	0.5	4	0.25	0.4	0	42	0.7046632124352332	0.4979919678714859	0.005780346820809248	0.5154639175257731	False	False	False	False	False
