family_id	protein_id	species_id	original_id
OG000000000	0	0	species_00_AF00000_L00_C00
OG000000000	12	1	species_01_AF00000_L00_C00
OG000000000	24	2	species_02_AF00000_L00_C00
OG000000000	36	3	species_03_AF00000_L00_C00
OG000000001	1	0	species_00_AF00001_L00_C00
OG000000001	13	1	species_01_AF00001_L00_C00
OG000000001	25	2	species_02_AF00001_L00_C00
OG000000001	37	3	species_03_AF00001_L00_C00
OG000000002	2	0	species_00_AF00002_L00_C00
OG000000002	14	1	species_01_AF00002_L00_C00
OG000000002	26	2	species_02_AF00002_L00_C00
OG000000002	38	3	species_03_AF00002_L00_C00
OG000000003	3	0	species_00_AF00003_L00_C00
OG000000003	15	1	species_01_AF00003_L00_C00
OG000000003	27	2	species_02_AF00003_L00_C00
OG000000003	39	3	species_03_AF00003_L00_C00
OG000000004	4	0	species_00_AF00004_L00_C00
OG000000004	16	1	species_01_AF00004_L00_C00
OG000000004	28	2	species_02_AF00004_L00_C00
OG000000004	40	3	species_03_AF00004_L00_C00
OG000000005	5	0	species_00_AF00005_L00_C00
OG000000005	17	1	species_01_AF00005_L00_C00
OG000000005	29	2	species_02_AF00005_L00_C00
OG000000005	41	3	species_03_AF00005_L00_C00
OG000000006	6	0	species_00_AF00006_L00_C00
OG000000006	18	1	species_01_AF00006_L00_C00
OG000000006	30	2	species_02_AF00006_L00_C00
OG000000006	42	3	species_03_AF00006_L00_C00
OG000000007	7	0	species_00_AF00007_L00_C00
OG000000007	19	1	species_01_AF00007_L00_C00
OG000000007	31	2	species_02_AF00007_L00_C00
OG000000007	43	3	species_03_AF00007_L00_C00
OG000000008	8	0	species_00_AF00008_L00_C00
OG000000008	20	1	species_01_AF00008_L00_C00
OG000000008	32	2	species_02_AF00008_L00_C00
OG000000008	44	3	species_03_AF00008_L00_C00
OG000000009	9	0	species_00_AF00009_L00_C00
OG000000009	21	1	species_01_AF00009_L00_C00
OG000000009	33	2	species_02_AF00009_L00_C00
OG000000009	45	3	species_03_AF00009_L00_C00
OG000000010	10	0	species_00_AF00010_L00_C00
OG000000010	22	1	species_01_AF00010_L00_C00
OG000000010	34	2	species_02_AF00010_L00_C00
OG000000010	46	3	species_03_AF00010_L00_C00
OG000000011	11	0	species_00_AF00011_L00_C00
OG000000011	23	1	species_01_AF00011_L00_C00
OG000000011	35	2	species_02_AF00011_L00_C00
OG000000011	47	3	species_03_AF00011_L00_C00
